,,,,
,,,,
,,,,
,,,,
,,,,
,,,,
Districts,Ward,Male Population,Female Population,Total Population
Zimbabwe,Total,7289558,7889421,15178979
Bulawayo,Total,307983,357957,665940
Bulawayo,Ward 01,3793,4125,7918
Bulawayo,Ward 02,12484,13754,26238
Bulawayo,Ward 03,16644,18532,35176
Bulawayo,Ward 04,13007,14132,27139
Bulawayo,Ward 05,9611,10550,20161
Bulawayo,Ward 06,6142,6958,13100
Bulawayo,Ward 07,8436,8983,17419
Bulawayo,Ward 08,10523,11653,22176
Bulawayo,Ward 09,11719,13298,25017
Bulawayo,Ward 10,12644,14901,27545
Bulawayo,Ward 11,7919,9711,17630
Bulawayo,Ward 12,11895,13582,25477
Bulawayo,Ward 13,8245,9357,17602
Bulawayo,Ward 14,9087,10773,19860
Bulawayo,Ward 15,6180,7288,13468
Bulawayo,Ward 16,6773,8737,15510
Bulawayo,Ward 17,7390,8845,16235
Bulawayo,Ward 18,9777,11390,21167
Bulawayo,Ward 19,8998,10546,19544
Bulawayo,Ward 20,8148,10094,18242
Bulawayo,Ward 21,12193,13516,25709
Bulawayo,Ward 22,7785,9407,17192
Bulawayo,Ward 23,7873,9448,17321
Bulawayo,Ward 24,9788,11455,21243
Bulawayo,Ward 25,10609,12560,23169
Bulawayo,Ward 26,10229,12082,22311
Bulawayo,Ward 27,17924,21881,39805
Bulawayo,Ward 28,34310,40760,75070
Bulawayo,Ward 29,7857,9639,17496
Bulawayo,Total,307983,357957,665940
Manicaland,Total,965532,1072230,2037762
Buhera,Ward 01,1964,2341,4305
Buhera,Ward 02,1961,2238,4199
Buhera,Ward 03,2224,2733,4957
Buhera,Ward 04,2841,3329,6170
Buhera,Ward 05,4146,4843,8989
Buhera,Ward 06,4058,4545,8603
Buhera,Ward 07,3087,3520,6607
Buhera,Ward 08,2360,2775,5135
Buhera,Ward 09,2329,2602,4931
Buhera,Ward 10,2531,3076,5607
Buhera,Ward 11,2868,3277,6145
Buhera,Ward 12,3944,4218,8162
Buhera,Ward 13,3155,3471,6626
Buhera,Ward 14,8582,10089,18671
Buhera,Ward 15,4559,5537,10096
Buhera,Ward 16,3147,3561,6708
Buhera,Ward 17,1999,2423,4422
Buhera,Ward 18,3469,4047,7516
Buhera,Ward 19,2562,3066,5628
Buhera,Ward 20,3727,4278,8005
Buhera,Ward 21,3323,3882,7205
Buhera,Ward 22,6685,7852,14537
Buhera,Ward 23,5688,6591,12279
Buhera,Ward 24,4571,5321,9892
Buhera,Ward 25,5668,6580,12248
Buhera,Ward 26,4095,4812,8907
Buhera,Ward 27,4448,5174,9622
Buhera,Ward 28,5823,6790,12613
Buhera,Ward 29,5686,6689,12375
Buhera,Ward 30,2618,3104,5722
Buhera,Ward 31,2558,3040,5598
Buhera,Ward 32,2893,3300,6193
Buhera,Ward 33,6204,7043,13247
Buhera,Total,125773,146147,271920
Chimanimani,Ward 01,2831,2822,5653
Chimanimani,Ward 02,2028,2330,4358
Chimanimani,Ward 03,2724,3265,5989
Chimanimani,Ward 04,4885,5695,10580
Chimanimani,Ward 05,3753,3963,7716
Chimanimani,Ward 06,1173,1395,2568
Chimanimani,Ward 07,4213,4800,9013
Chimanimani,Ward 08,4320,4965,9285
Chimanimani,Ward 09,810,901,1711
Chimanimani,Ward 10,1388,1645,3033
Chimanimani,Ward 11,1453,1346,2799
Chimanimani,Ward 12,3194,2638,5832
Chimanimani,Ward 13,6102,6775,12877
Chimanimani,Ward 14,3043,2964,6007
Chimanimani,Ward 15,2932,3256,6188
Chimanimani,Ward 16,7071,7084,14155
Chimanimani,Ward 17,2192,2563,4755
Chimanimani,Ward 18,1173,1281,2454
Chimanimani,Ward 19,1292,1544,2836
Chimanimani,Ward 20,3382,3993,7375
Chimanimani,Ward 21,3960,4372,8332
Chimanimani,Ward 22,5415,5992,11407
Chimanimani,Ward 23,3906,4791,8697
Chimanimani,Total,73240,80380,153620
Chipinge Rural,Ward 01,4171,4940,9111
Chipinge Rural,Ward 02,3275,3907,7182
Chipinge Rural,Ward 03,5215,6429,11644
Chipinge Rural,Ward 04,3243,4099,7342
Chipinge Rural,Ward 05,9266,9253,18519
Chipinge Rural,Ward 06,7844,8658,16502
Chipinge Rural,Ward 07,3239,3135,6374
Chipinge Rural,Ward 08,8414,8544,16958
Chipinge Rural,Ward 09,2854,3173,6027
Chipinge Rural,Ward 10,2879,2677,5556
Chipinge Rural,Ward 11,1975,2098,4073
Chipinge Rural,Ward 12,2801,3128,5929
Chipinge Rural,Ward 13,5332,6125,11457
Chipinge Rural,Ward 14,2488,2970,5458
Chipinge Rural,Ward 15,4057,5014,9071
Chipinge Rural,Ward 16,6744,8117,14861
Chipinge Rural,Ward 17,6744,8057,14801
Chipinge Rural,Ward 18,5693,6648,12341
Chipinge Rural,Ward 19,7168,7903,15071
Chipinge Rural,Ward 20,9526,11741,21267
Chipinge Rural,Ward 21,4997,6179,11176
Chipinge Rural,Ward 22,5449,6375,11824
Chipinge Rural,Ward 23,5243,6057,11300
Chipinge Rural,Ward 24,14012,17148,31160
Chipinge Rural,Ward 25,7271,8860,16131
Chipinge Rural,Ward 26,10694,12106,22800
Chipinge Rural,Ward 27,4068,5077,9145
Chipinge Rural,Ward 28,10808,12354,23162
Chipinge Rural,Ward 29,6756,7798,14554
Chipinge Rural,Ward 30,2081,2382,4463
Chipinge Rural,Total,174307,200952,375259
Makoni,Ward 01,1862,2093,3955
Makoni,Ward 02,4276,4473,8749
Makoni,Ward 03,3800,4014,7814
Makoni,Ward 04,256,194,450
Makoni,Ward 05,5395,5908,11303
Makoni,Ward 06,6556,6050,12606
Makoni,Ward 07,5672,5951,11623
Makoni,Ward 08,6799,6569,13368
Makoni,Ward 09,5110,5140,10250
Makoni,Ward 10,3750,3744,7494
Makoni,Ward 11,3623,3291,6914
Makoni,Ward 12,5822,6558,12380
Makoni,Ward 13,760,692,1452
Makoni,Ward 14,2101,2351,4452
Makoni,Ward 15,3580,4120,7700
Makoni,Ward 16,6465,7689,14154
Makoni,Ward 17,5512,5165,10677
Makoni,Ward 18,2746,3104,5850
Makoni,Ward 19,2564,2923,5487
Makoni,Ward 20,3309,3699,7008
Makoni,Ward 21,1907,2109,4016
Makoni,Ward 22,1760,1988,3748
Makoni,Ward 23,3983,4359,8342
Makoni,Ward 24,2776,3386,6162
Makoni,Ward 25,3490,4060,7550
Makoni,Ward 26,3888,4398,8286
Makoni,Ward 27,3968,4520,8488
Makoni,Ward 28,1877,2101,3978
Makoni,Ward 29,1529,1763,3292
Makoni,Ward 30,3101,3324,6425
Makoni,Ward 31,5219,5573,10792
Makoni,Ward 32,737,904,1641
Makoni,Ward 33,1850,2153,4003
Makoni,Ward 34,2414,2381,4795
Makoni,Ward 35,6320,6163,12483
Makoni,Ward 36,2665,2766,5431
Makoni,Ward 37,7170,6338,13508
Makoni,Ward 38,3663,3316,6979
Makoni,Ward 39,2354,2485,4839
Makoni,Total,140629,147815,288444
Mutare Rural,Ward 01,6527,6135,12662
Mutare Rural,Ward 02,6567,6873,13440
Mutare Rural,Ward 03,9234,9547,18781
Mutare Rural,Ward 04,1709,1920,3629
Mutare Rural,Ward 05,1443,1589,3032
Mutare Rural,Ward 06,3686,4157,7843
Mutare Rural,Ward 07,2647,2608,5255
Mutare Rural,Ward 08,1105,1213,2318
Mutare Rural,Ward 09,2971,3331,6302
Mutare Rural,Ward 10,4062,4660,8722
Mutare Rural,Ward 11,3773,4309,8082
Mutare Rural,Ward 12,3010,3412,6422
Mutare Rural,Ward 13,2655,2832,5487
Mutare Rural,Ward 14,2477,2693,5170
Mutare Rural,Ward 15,8043,9140,17183
Mutare Rural,Ward 16,9916,12121,22037
Mutare Rural,Ward 17,3403,4025,7428
Mutare Rural,Ward 18,3372,3916,7288
Mutare Rural,Ward 19,3281,3861,7142
Mutare Rural,Ward 20,2086,2397,4483
Mutare Rural,Ward 21,2021,2573,4594
Mutare Rural,Ward 22,6164,6635,12799
Mutare Rural,Ward 23,3631,4251,7882
Mutare Rural,Ward 24,4651,5201,9852
Mutare Rural,Ward 25,2953,3335,6288
Mutare Rural,Ward 26,1264,1437,2701
Mutare Rural,Ward 27,1952,2351,4303
Mutare Rural,Ward 28,3276,3818,7094
Mutare Rural,Ward 29,6186,5880,12066
Mutare Rural,Ward 30,7460,6935,14395
Mutare Rural,Ward 31,1966,1920,3886
Mutare Rural,Ward 32,2703,3286,5989
Mutare Rural,Ward 33,5534,5420,10954
Mutare Rural,Ward 34,9984,10043,20027
Mutare Rural,Ward 35,3143,3390,6533
Mutare Rural,Ward 36,2191,2500,4691
Mutare Rural,Total,147046,159714,306760
Mutasa,Ward 01,4671,5912,10583
Mutasa,Ward 02,1333,1191,2524
Mutasa,Ward 03,4476,5240,9716
Mutasa,Ward 04,3151,3668,6819
Mutasa,Ward 05,4419,5356,9775
Mutasa,Ward 06,4318,5070,9388
Mutasa,Ward 07,4273,4836,9109
Mutasa,Ward 08,3172,3841,7013
Mutasa,Ward 09,3284,3746,7030
Mutasa,Ward 10,1819,2169,3988
Mutasa,Ward 11,5237,6312,11549
Mutasa,Ward 12,2738,3337,6075
Mutasa,Ward 13,1850,2023,3873
Mutasa,Ward 14,1191,1358,2549
Mutasa,Ward 15,1506,1744,3250
Mutasa,Ward 16,1326,1520,2846
Mutasa,Ward 17,5260,6007,11267
Mutasa,Ward 18,1530,1226,2756
Mutasa,Ward 19,3299,4012,7311
Mutasa,Ward 20,2242,2477,4719
Mutasa,Ward 21,7787,7178,14965
Mutasa,Ward 22,2297,1905,4202
Mutasa,Ward 23,4288,3777,8065
Mutasa,Ward 24,1976,2339,4315
Mutasa,Ward 25,2166,1953,4119
Mutasa,Ward 26,3717,3652,7369
Mutasa,Ward 27,1057,846,1903
Mutasa,Ward 28,2081,2491,4572
Mutasa,Ward 29,1343,1422,2765
Mutasa,Ward 30,3009,3478,6487
Mutasa,Ward 31,3139,3769,6908
Mutasa,Total,93955,103855,197810
Nyanga Rural,Ward 01,3081,3350,6431
Nyanga Rural,Ward 02,3967,4091,8058
Nyanga Rural,Ward 03,3645,3970,7615
Nyanga Rural,Ward 04,3846,4495,8341
Nyanga Rural,Ward 05,3255,3680,6935
Nyanga Rural,Ward 06,1836,2275,4111
Nyanga Rural,Ward 07,2034,2358,4392
Nyanga Rural,Ward 08,1469,1658,3127
Nyanga Rural,Ward 09,3286,3614,6900
Nyanga Rural,Ward 10,1559,1850,3409
Nyanga Rural,Ward 11,1696,1931,3627
Nyanga Rural,Ward 12,2536,2808,5344
Nyanga Rural,Ward 13,1547,1722,3269
Nyanga Rural,Ward 14,1988,2200,4188
Nyanga Rural,Ward 15,5348,5788,11136
Nyanga Rural,Ward 16,1574,1576,3150
Nyanga Rural,Ward 17,1807,2157,3964
Nyanga Rural,Ward 18,1850,2286,4136
Nyanga Rural,Ward 19,1777,2025,3802
Nyanga Rural,Ward 20,1724,951,2675
Nyanga Rural,Ward 21,3783,4406,8189
Nyanga Rural,Ward 22,1503,1710,3213
Nyanga Rural,Ward 23,3346,3276,6622
Nyanga Rural,Ward 24,1299,1123,2422
Nyanga Rural,Ward 25,1380,1106,2486
Nyanga Rural,Ward 26,1721,1301,3022
Nyanga Rural,Ward 27,1255,1404,2659
Nyanga Rural,Ward 28,476,357,833
Nyanga Rural,Ward 29,2677,3006,5683
Nyanga Rural,Ward 30,1857,2133,3990
Nyanga Rural,Ward 31,1310,1243,2553
Nyanga Rural,Total,70432,75850,146282
Mutare,Ward 01,3728,3673,7401
Mutare,Ward 02,2360,2263,4623
Mutare,Ward 03,3155,3413,6568
Mutare,Ward 04,3315,3377,6692
Mutare,Ward 05,4073,4331,8404
Mutare,Ward 06,2214,2641,4855
Mutare,Ward 07,3534,3925,7459
Mutare,Ward 08,2610,3127,5737
Mutare,Ward 09,3148,3778,6926
Mutare,Ward 10,1656,1495,3151
Mutare,Ward 11,5451,6165,11616
Mutare,Ward 12,7342,7995,15337
Mutare,Ward 13,3886,3714,7600
Mutare,Ward 14,8955,10419,19374
Mutare,Ward 15,10399,11751,22150
Mutare,Ward 16,11521,13374,24895
Mutare,Ward 17,20650,22988,43638
Mutare,Ward 18,7482,8730,16212
Mutare,Ward 19,1123,1041,2164
Mutare,Total,106602,118200,224802
Rusape,Ward 01,1792,2098,3890
Rusape,Ward 02,662,750,1412
Rusape,Ward 03,617,734,1351
Rusape,Ward 04,1442,1583,3025
Rusape,Ward 05,1043,1274,2317
Rusape,Ward 06,3224,3784,7008
Rusape,Ward 07,330,407,737
Rusape,Ward 08,2514,2880,5394
Rusape,Ward 09,3766,4400,8166
Rusape,Ward 10,2278,2328,4606
Rusape,Total,17668,20238,37906
Chipinge Urban,Ward 01,1620,1941,3561
Chipinge Urban,Ward 02,2258,2717,4975
Chipinge Urban,Ward 03,1399,1840,3239
Chipinge Urban,Ward 04,1410,1603,3013
Chipinge Urban,Ward 05,1022,1234,2256
Chipinge Urban,Ward 06,1616,2008,3624
Chipinge Urban,Ward 07,2605,3063,5668
Chipinge Urban,Ward 08,3950,4673,8623
Chipinge Urban,Total,15880,19079,34959
Mashonaland Central,Total,681313,703578,1384891
Bindura Rural,Ward 01,3251,3084,6335
Bindura Rural,Ward 02,4310,4105,8415
Bindura Rural,Ward 03,5097,5088,10185
Bindura Rural,Ward 04,4370,4182,8552
Bindura Rural,Ward 05,3286,3242,6528
Bindura Rural,Ward 06,9531,9722,19253
Bindura Rural,Ward 07,4992,5040,10032
Bindura Rural,Ward 08,3139,2939,6078
Bindura Rural,Ward 09,2234,2435,4669
Bindura Rural,Ward 10,6773,7325,14098
Bindura Rural,Ward 11,2559,2641,5200
Bindura Rural,Ward 12,1721,1849,3570
Bindura Rural,Ward 13,1840,1924,3764
Bindura Rural,Ward 14,2364,2675,5039
Bindura Rural,Ward 15,2848,3266,6114
Bindura Rural,Ward 16,5683,6386,12069
Bindura Rural,Ward 17,2998,3335,6333
Bindura Rural,Ward 18,1895,2300,4195
Bindura Rural,Ward 19,4205,4046,8251
Bindura Rural,Ward 20,4852,4661,9513
Bindura Rural,Ward 21,6132,5516,11648
Bindura Rural,Total,84080,85761,169841
Muzarabani,Ward 01,4001,4306,8307
Muzarabani,Ward 02,3145,3146,6291
Muzarabani,Ward 03,1355,1416,2771
Muzarabani,Ward 04,2644,2711,5355
Muzarabani,Ward 05,2517,2690,5207
Muzarabani,Ward 06,1022,1033,2055
Muzarabani,Ward 07,695,728,1423
Muzarabani,Ward 08,2776,2938,5714
Muzarabani,Ward 09,2353,2446,4799
Muzarabani,Ward 10,4390,4741,9131
Muzarabani,Ward 11,2194,2154,4348
Muzarabani,Ward 12,2340,2411,4751
Muzarabani,Ward 13,1562,1477,3039
Muzarabani,Ward 14,3851,3819,7670
Muzarabani,Ward 15,2200,2456,4656
Muzarabani,Ward 16,827,877,1704
Muzarabani,Ward 17,2816,2827,5643
Muzarabani,Ward 18,1069,1083,2152
Muzarabani,Ward 19,1370,1406,2776
Muzarabani,Ward 20,719,764,1483
Muzarabani,Ward 21,1313,1304,2617
Muzarabani,Ward 22,1640,1662,3302
Muzarabani,Ward 23,4691,4610,9301
Muzarabani,Ward 24,3300,3323,6623
Muzarabani,Ward 25,1591,1609,3200
Muzarabani,Ward 26,2706,2552,5258
Muzarabani,Ward 27,2119,2348,4467
Muzarabani,Ward 28,3113,2855,5968
Muzarabani,Ward 29,2202,1863,4065
Muzarabani,Total,66521,67555,134076
Guruve,Ward 01,6974,6475,13449
Guruve,Ward 02,3023,2947,5970
Guruve,Ward 03,1449,1209,2658
Guruve,Ward 04,2398,2622,5020
Guruve,Ward 05,2831,3097,5928
Guruve,Ward 06,5331,5804,11135
Guruve,Ward 07,3557,3851,7408
Guruve,Ward 08,2229,2476,4705
Guruve,Ward 09,2321,2580,4901
Guruve,Ward 10,2266,2375,4641
Guruve,Ward 11,3348,3750,7098
Guruve,Ward 12,3220,3617,6837
Guruve,Ward 13,5932,5731,11663
Guruve,Ward 14,3210,2891,6101
Guruve,Ward 15,1547,1515,3062
Guruve,Ward 16,3891,4021,7912
Guruve,Ward 17,1594,1516,3110
Guruve,Ward 18,2394,2517,4911
Guruve,Ward 19,4518,4575,9093
Guruve,Ward 20,2296,2378,4674
Guruve,Ward 21,3878,3847,7725
Guruve,Ward 22,4722,5453,10175
Guruve,Ward 23,1511,1481,2992
Guruve,Ward 24,1230,1204,2434
Guruve,Total,75670,77932,153602
Mazowe,Ward 01,3111,3378,6489
Mazowe,Ward 02,2582,2797,5379
Mazowe,Ward 03,2715,2967,5682
Mazowe,Ward 04,2279,2431,4710
Mazowe,Ward 05,2925,3356,6281
Mazowe,Ward 06,3064,3532,6596
Mazowe,Ward 07,2946,3337,6283
Mazowe,Ward 08,5678,6119,11797
Mazowe,Ward 09,3890,4282,8172
Mazowe,Ward 10,4487,4545,9032
Mazowe,Ward 11,3443,3845,7288
Mazowe,Ward 12,4854,5526,10380
Mazowe,Ward 13,3538,4028,7566
Mazowe,Ward 14,5184,5045,10229
Mazowe,Ward 15,2705,3150,5855
Mazowe,Ward 16,7239,7407,14646
Mazowe,Ward 17,3310,3722,7032
Mazowe,Ward 18,3588,3343,6931
Mazowe,Ward 19,5244,4849,10093
Mazowe,Ward 20,9387,9128,18515
Mazowe,Ward 21,4563,3664,8227
Mazowe,Ward 22,4446,4094,8540
Mazowe,Ward 23,2950,2717,5667
Mazowe,Ward 24,4783,4693,9476
Mazowe,Ward 25,4600,4335,8935
Mazowe,Ward 26,4028,3860,7888
Mazowe,Ward 27,6533,6677,13210
Mazowe,Ward 29,5408,5266,10674
Mazowe,Ward 30,4721,4397,9118
Mazowe,Ward 31,4659,4404,9063
Mazowe,Ward 32,3710,3601,7311
Mazowe,Ward 33,4943,5585,10528
Mazowe,Ward 34,6065,5349,11414
Mazowe,Ward 35,2199,2156,4355
Mazowe,Total,145777,147585,293362
Mount Darwin,Ward 01,1710,1786,3496
Mount Darwin,Ward 02,6279,6675,12954
Mount Darwin,Ward 03,2308,2444,4752
Mount Darwin,Ward 04,2184,2409,4593
Mount Darwin,Ward 05,2440,2606,5046
Mount Darwin,Ward 06,2661,2791,5452
Mount Darwin,Ward 07,2771,3027,5798
Mount Darwin,Ward 08,4404,4536,8940
Mount Darwin,Ward 09,1401,1661,3062
Mount Darwin,Ward 10,5418,5389,10807
Mount Darwin,Ward 11,3482,3685,7167
Mount Darwin,Ward 12,3310,3353,6663
Mount Darwin,Ward 13,833,794,1627
Mount Darwin,Ward 14,3928,4400,8328
Mount Darwin,Ward 15,4949,5240,10189
Mount Darwin,Ward 16,1987,2200,4187
Mount Darwin,Ward 17,3324,3556,6880
Mount Darwin,Ward 18,3259,3465,6724
Mount Darwin,Ward 19,4650,4546,9196
Mount Darwin,Ward 20,2461,2645,5106
Mount Darwin,Ward 21,436,447,883
Mount Darwin,Ward 22,5344,5231,10575
Mount Darwin,Ward 23,4253,4459,8712
Mount Darwin,Ward 24,5041,5275,10316
Mount Darwin,Ward 25,748,824,1572
Mount Darwin,Ward 26,6036,6814,12850
Mount Darwin,Ward 27,4111,3373,7484
Mount Darwin,Ward 28,622,614,1236
Mount Darwin,Ward 29,637,675,1312
Mount Darwin,Ward 30,598,543,1141
Mount Darwin,Ward 31,2329,2236,4565
Mount Darwin,Ward 32,991,1066,2057
Mount Darwin,Ward 33,3262,3454,6716
Mount Darwin,Ward 34,2732,3043,5775
Mount Darwin,Ward 35,2209,2290,4499
Mount Darwin,Ward 36,4117,4408,8525
Mount Darwin,Ward 37,1578,1740,3318
Mount Darwin,Ward 38,1885,2041,3926
Mount Darwin,Ward 39,2739,2634,5373
Mount Darwin,Ward 40,4594,4331,8925
Mount Darwin,Total,118021,122706,240727
Rushinga,Ward 01,1268,1321,2589
Rushinga,Ward 02,716,771,1487
Rushinga,Ward 03,1661,1687,3348
Rushinga,Ward 04,1700,1799,3499
Rushinga,Ward 05,725,733,1458
Rushinga,Ward 06,922,924,1846
Rushinga,Ward 07,2413,2540,4953
Rushinga,Ward 08,1903,2079,3982
Rushinga,Ward 09,1560,1643,3203
Rushinga,Ward 10,2136,2342,4478
Rushinga,Ward 11,1440,1574,3014
Rushinga,Ward 12,2027,2160,4187
Rushinga,Ward 13,1443,1553,2996
Rushinga,Ward 14,1757,1941,3698
Rushinga,Ward 15,1950,2190,4140
Rushinga,Ward 16,1643,1875,3518
Rushinga,Ward 17,1386,1616,3002
Rushinga,Ward 18,2170,2356,4526
Rushinga,Ward 19,1356,1496,2852
Rushinga,Ward 20,1079,1039,2118
Rushinga,Ward 21,1269,1303,2572
Rushinga,Ward 22,1401,1405,2806
Rushinga,Ward 23,909,915,1824
Rushinga,Ward 24,1654,1940,3594
Rushinga,Ward 25,574,616,1190
Rushinga,Total,37062,39818,76880
Shamva,Ward 01,2717,3186,5903
Shamva,Ward 02,909,984,1893
Shamva,Ward 03,3187,3722,6909
Shamva,Ward 04,771,818,1589
Shamva,Ward 05,2061,2448,4509
Shamva,Ward 06,1880,2262,4142
Shamva,Ward 07,2233,2680,4913
Shamva,Ward 08,2718,3184,5902
Shamva,Ward 09,3092,3656,6748
Shamva,Ward 10,2187,2558,4745
Shamva,Ward 11,4175,4738,8913
Shamva,Ward 12,2854,3088,5942
Shamva,Ward 13,2019,1868,3887
Shamva,Ward 14,4624,4626,9250
Shamva,Ward 15,4074,4174,8248
Shamva,Ward 16,3879,3527,7406
Shamva,Ward 17,4407,4122,8529
Shamva,Ward 18,2718,2646,5364
Shamva,Ward 19,2700,2194,4894
Shamva,Ward 20,3765,3352,7117
Shamva,Ward 21,2362,2154,4516
Shamva,Ward 22,3379,3934,7313
Shamva,Ward 23,2576,2583,5159
Shamva,Ward 24,3668,3916,7584
Shamva,Ward 25,1536,1750,3286
Shamva,Ward 26,1623,2143,3766
Shamva,Ward 27,2706,2588,5294
Shamva,Ward 28,2299,2174,4473
Shamva,Ward 29,4028,3419,7447
Shamva,Total,81147,84494,165641
Mbire,Ward 01,1893,1880,3773
Mbire,Ward 02,2717,2914,5631
Mbire,Ward 03,3135,3329,6464
Mbire,Ward 04,4066,3983,8049
Mbire,Ward 05,2705,2882,5587
Mbire,Ward 06,2183,2303,4486
Mbire,Ward 07,1124,1114,2238
Mbire,Ward 08,3565,3686,7251
Mbire,Ward 09,2552,2615,5167
Mbire,Ward 10,2941,3178,6119
Mbire,Ward 11,827,817,1644
Mbire,Ward 12,3275,3456,6731
Mbire,Ward 13,3194,3488,6682
Mbire,Ward 14,1208,1197,2405
Mbire,Ward 15,2369,2631,5000
Mbire,Ward 16,1410,1376,2786
Mbire,Ward 17,1850,1861,3711
Mbire,Total,41014,42710,83724
Bindura Urban,Ward 01,2285,2193,4478
Bindura Urban,Ward 02,1350,1416,2766
Bindura Urban,Ward 03,565,480,1045
Bindura Urban,Ward 04,1289,1441,2730
Bindura Urban,Ward 05,1492,1627,3119
Bindura Urban,Ward 06,1380,1490,2870
Bindura Urban,Ward 07,887,969,1856
Bindura Urban,Ward 08,2447,2977,5424
Bindura Urban,Ward 09,3160,3520,6680
Bindura Urban,Ward 10,1569,1853,3422
Bindura Urban,Ward 11,1684,1825,3509
Bindura Urban,Ward 12,6508,6986,13494
Bindura Urban,Total,24616,26777,51393
Mvurwi,Ward 01,710,738,1448
Mvurwi,Ward 02,600,632,1232
Mvurwi,Ward 03,1240,1414,2654
Mvurwi,Ward 04,1527,1784,3311
Mvurwi,Ward 05,2183,2440,4623
Mvurwi,Ward 06,1145,1232,2377
Mvurwi,Total,7405,8240,15645
Mashonaland East,Total,835264,895917,1731181
Chikomba,Ward 01,2217,1931,4148
Chikomba,Ward 02,1051,858,1909
Chikomba,Ward 03,845,799,1644
Chikomba,Ward 04,1044,969,2013
Chikomba,Ward 05,1427,1632,3059
Chikomba,Ward 06,1211,1467,2678
Chikomba,Ward 07,4232,4008,8240
Chikomba,Ward 08,5752,5202,10954
Chikomba,Ward 09,2682,3162,5844
Chikomba,Ward 10,3757,4517,8274
Chikomba,Ward 11,1026,1227,2253
Chikomba,Ward 12,1057,1246,2303
Chikomba,Ward 13,246,157,403
Chikomba,Ward 14,906,872,1778
Chikomba,Ward 15,2715,3055,5770
Chikomba,Ward 16,2793,3237,6030
Chikomba,Ward 17,2962,3551,6513
Chikomba,Ward 18,1267,1504,2771
Chikomba,Ward 19,1473,1807,3280
Chikomba,Ward 20,1965,2337,4302
Chikomba,Ward 21,1123,1312,2435
Chikomba,Ward 22,1401,1553,2954
Chikomba,Ward 23,1759,2091,3850
Chikomba,Ward 24,1381,1577,2958
Chikomba,Ward 25,3399,3859,7258
Chikomba,Ward 26,1905,2286,4191
Chikomba,Ward 27,2360,2797,5157
Chikomba,Ward 28,1428,1629,3057
Chikomba,Ward 29,2141,2527,4668
Chikomba,Ward 30,1505,1738,3243
Chikomba,Total,59030,64907,123937
Goromonzi,Ward 01,4277,4655,8932
Goromonzi,Ward 02,10104,11218,21322
Goromonzi,Ward 03,2815,3076,5891
Goromonzi,Ward 04,31823,35274,67097
Goromonzi,Ward 05,4300,4477,8777
Goromonzi,Ward 06,9786,9891,19677
Goromonzi,Ward 07,4520,4520,9040
Goromonzi,Ward 08,3022,3054,6076
Goromonzi,Ward 09,2421,2214,4635
Goromonzi,Ward 10,3458,3980,7438
Goromonzi,Ward 11,4565,5078,9643
Goromonzi,Ward 12,8528,9650,18178
Goromonzi,Ward 13,1862,1556,3418
Goromonzi,Ward 14,3200,3018,6218
Goromonzi,Ward 15,3304,3473,6777
Goromonzi,Ward 16,12444,13649,26093
Goromonzi,Ward 17,2815,2688,5503
Goromonzi,Ward 18,4029,4486,8515
Goromonzi,Ward 19,136,133,269
Goromonzi,Ward 20,2781,2652,5433
Goromonzi,Ward 21,2279,2064,4343
Goromonzi,Ward 22,4089,3738,7827
Goromonzi,Ward 23,6398,6549,12947
Goromonzi,Ward 24,2534,2529,5063
Goromonzi,Ward 25,51703,55384,107087
Goromonzi,Total,187193,199006,386199
Hwedza,Ward 01,2685,2385,5070
Hwedza,Ward 02,4646,4165,8811
Hwedza,Ward 03,1936,1863,3799
Hwedza,Ward 04,1772,1839,3611
Hwedza,Ward 05,3572,4073,7645
Hwedza,Ward 06,3811,3773,7584
Hwedza,Ward 07,3316,3647,6963
Hwedza,Ward 08,3025,3321,6346
Hwedza,Ward 09,2986,3214,6200
Hwedza,Ward 10,1164,1386,2550
Hwedza,Ward 11,1539,1877,3416
Hwedza,Ward 12,1753,2052,3805
Hwedza,Ward 13,976,1017,1993
Hwedza,Ward 14,832,868,1700
Hwedza,Ward 15,2473,2903,5376
Hwedza,Total,36486,38383,74869
Marondera Rural,Ward 01,2880,2688,5568
Marondera Rural,Ward 02,4232,4433,8665
Marondera Rural,Ward 03,4664,4192,8856
Marondera Rural,Ward 04,3262,2689,5951
Marondera Rural,Ward 05,4903,4192,9095
Marondera Rural,Ward 06,5953,5848,11801
Marondera Rural,Ward 07,3760,3512,7272
Marondera Rural,Ward 08,2695,2635,5330
Marondera Rural,Ward 09,281,307,588
Marondera Rural,Ward 10,2272,2485,4757
Marondera Rural,Ward 11,3536,3928,7464
Marondera Rural,Ward 12,2649,2928,5577
Marondera Rural,Ward 13,1505,1764,3269
Marondera Rural,Ward 14,3378,3664,7042
Marondera Rural,Ward 15,3009,3073,6082
Marondera Rural,Ward 16,1910,2131,4041
Marondera Rural,Ward 17,1616,1745,3361
Marondera Rural,Ward 18,1843,1880,3723
Marondera Rural,Ward 19,1555,1786,3341
Marondera Rural,Ward 20,1987,2147,4134
Marondera Rural,Ward 21,3676,3609,7285
Marondera Rural,Ward 22,2414,2377,4791
Marondera Rural,Ward 23,4200,3980,8180
Marondera Rural,Total,68180,67993,136173
Mudzi,Ward 01,4764,5150,9914
Mudzi,Ward 02,3829,4359,8188
Mudzi,Ward 03,4132,4592,8724
Mudzi,Ward 04,4509,4974,9483
Mudzi,Ward 05,2659,2867,5526
Mudzi,Ward 06,2589,2971,5560
Mudzi,Ward 07,5013,5258,10271
Mudzi,Ward 08,3104,3498,6602
Mudzi,Ward 09,2965,3461,6426
Mudzi,Ward 10,5302,6263,11565
Mudzi,Ward 11,2628,3311,5939
Mudzi,Ward 12,4921,5444,10365
Mudzi,Ward 13,2403,2567,4970
Mudzi,Ward 14,10935,9981,20916
Mudzi,Ward 15,6189,6493,12682
Mudzi,Ward 16,4231,4518,8749
Mudzi,Ward 17,2971,3208,6179
Mudzi,Ward 18,3243,3181,6424
Mudzi,Total,76387,82096,158483
Murehwa,Ward 01,1912,2046,3958
Murehwa,Ward 02,1893,2187,4080
Murehwa,Ward 03,2386,2591,4977
Murehwa,Ward 04,2054,2303,4357
Murehwa,Ward 05,2012,2321,4333
Murehwa,Ward 06,395,364,759
Murehwa,Ward 07,398,444,842
Murehwa,Ward 08,4104,4723,8827
Murehwa,Ward 09,3132,3332,6464
Murehwa,Ward 10,2383,2690,5073
Murehwa,Ward 11,5083,5871,10954
Murehwa,Ward 12,4791,5614,10405
Murehwa,Ward 13,2768,3393,6161
Murehwa,Ward 14,3109,3681,6790
Murehwa,Ward 15,2954,3561,6515
Murehwa,Ward 16,3427,4159,7586
Murehwa,Ward 17,2181,2476,4657
Murehwa,Ward 18,1711,1884,3595
Murehwa,Ward 19,1173,1272,2445
Murehwa,Ward 20,2466,2763,5229
Murehwa,Ward 21,2438,2715,5153
Murehwa,Ward 22,9583,9560,19143
Murehwa,Ward 23,5747,5651,11398
Murehwa,Ward 24,6482,6117,12599
Murehwa,Ward 25,2861,3183,6044
Murehwa,Ward 26,3270,3775,7045
Murehwa,Ward 27,4474,4998,9472
Murehwa,Ward 28,2800,3089,5889
Murehwa,Ward 29,3411,3962,7373
Murehwa,Ward 30,6166,7153,13319
Murehwa,Total,97564,107878,205442
Mutoko,Ward 01,1956,2120,4076
Mutoko,Ward 02,3443,3566,7009
Mutoko,Ward 03,2222,2395,4617
Mutoko,Ward 04,2379,2545,4924
Mutoko,Ward 05,1922,2152,4074
Mutoko,Ward 06,1167,1248,2415
Mutoko,Ward 07,2221,2370,4591
Mutoko,Ward 08,1167,1335,2502
Mutoko,Ward 09,1588,1760,3348
Mutoko,Ward 10,1777,1948,3725
Mutoko,Ward 11,1960,2271,4231
Mutoko,Ward 12,2591,2994,5585
Mutoko,Ward 13,1332,1519,2851
Mutoko,Ward 14,2083,2255,4338
Mutoko,Ward 15,2346,2621,4967
Mutoko,Ward 16,2943,3319,6262
Mutoko,Ward 17,2535,2774,5309
Mutoko,Ward 18,4421,4653,9074
Mutoko,Ward 19,3378,3628,7006
Mutoko,Ward 20,10341,12045,22386
Mutoko,Ward 21,377,337,714
Mutoko,Ward 22,738,787,1525
Mutoko,Ward 23,531,517,1048
Mutoko,Ward 24,460,417,877
Mutoko,Ward 25,4940,4927,9867
Mutoko,Ward 26,3279,3287,6566
Mutoko,Ward 27,4599,4659,9258
Mutoko,Ward 28,3014,3058,6072
Mutoko,Ward 29,5900,5974,11874
Mutoko,Total,77610,83481,161091
Seke,Ward 01,17090,18834,35924
Seke,Ward 02,7497,8388,15885
Seke,Ward 03,2536,2751,5287
Seke,Ward 04,4729,5190,9919
Seke,Ward 05,1514,1629,3143
Seke,Ward 06,1857,2040,3897
Seke,Ward 07,2342,2543,4885
Seke,Ward 08,21668,23730,45398
Seke,Ward 09,15275,15491,30766
Seke,Ward 10,5505,5148,10653
Seke,Ward 11,525,520,1045
Seke,Ward 12,2582,2320,4902
Seke,Ward 13,2422,2785,5207
Seke,Ward 14,2293,2003,4296
Seke,Ward 15,2303,2282,4585
Seke,Ward 16,562,529,1091
Seke,Ward 17,1051,1158,2209
Seke,Ward 18,926,917,1843
Seke,Ward 19,973,986,1959
Seke,Ward 20,2918,2620,5538
Seke,Ward 21,1001,1043,2044
Seke,Total,97569,102907,200476
Uzumba Maramba Pfungwe (UMP),Ward 01,3526,3599,7125
Uzumba Maramba Pfungwe (UMP),Ward 02,3250,3582,6832
Uzumba Maramba Pfungwe (UMP),Ward 03,3403,3770,7173
Uzumba Maramba Pfungwe (UMP),Ward 04,5774,6018,11792
Uzumba Maramba Pfungwe (UMP),Ward 05,2475,2651,5126
Uzumba Maramba Pfungwe (UMP),Ward 06,4409,4677,9086
Uzumba Maramba Pfungwe (UMP),Ward 07,1870,1845,3715
Uzumba Maramba Pfungwe (UMP),Ward 08,3655,3994,7649
Uzumba Maramba Pfungwe (UMP),Ward 09,3581,3763,7344
Uzumba Maramba Pfungwe (UMP),Ward 10,3305,3586,6891
Uzumba Maramba Pfungwe (UMP),Ward 11,3824,3815,7639
Uzumba Maramba Pfungwe (UMP),Ward 12,2816,3247,6063
Uzumba Maramba Pfungwe (UMP),Ward 13,4285,4769,9054
Uzumba Maramba Pfungwe (UMP),Ward 14,3797,4294,8091
Uzumba Maramba Pfungwe (UMP),Ward 15,3469,3893,7362
Uzumba Maramba Pfungwe (UMP),Ward 16,3325,3369,6694
Uzumba Maramba Pfungwe (UMP),Ward 17,3180,3409,6589
Uzumba Maramba Pfungwe (UMP),Total,59944,64281,124225
Marondera,Ward 01,1582,1898,3480
Marondera,Ward 02,1695,1963,3658
Marondera,Ward 03,2692,3126,5818
Marondera,Ward 04,5215,5920,11135
Marondera,Ward 05,1709,1799,3508
Marondera,Ward 06,1596,1657,3253
Marondera,Ward 07,1780,2035,3815
Marondera,Ward 08,3260,3926,7186
Marondera,Ward 09,3017,3745,6762
Marondera,Ward 10,3869,4286,8155
Marondera,Ward 11,941,832,1773
Marondera,Ward 12,3456,4204,7660
Marondera,Total,30812,35391,66203
Ruwa Local Board,Ward 01,3262,3518,6780
Ruwa Local Board,Ward 02,2901,2983,5884
Ruwa Local Board,Ward 03,1502,1691,3193
Ruwa Local Board,Ward 04,934,1100,2034
Ruwa Local Board,Ward 05,3660,4065,7725
Ruwa Local Board,Ward 06,1232,1386,2618
Ruwa Local Board,Ward 07,10009,10792,20801
Ruwa Local Board,Ward 08,6230,7363,13593
Ruwa Local Board,Ward 09,14759,16696,31455
Ruwa Local Board,Total,44489,49594,94083
Mashonaland West,Total,934821,958757,1893578
Chegutu Rural,Ward 01,2399,2702,5101
Chegutu Rural,Ward 02,4401,4863,9264
Chegutu Rural,Ward 03,3013,3342,6355
Chegutu Rural,Ward 04,4388,4917,9305
Chegutu Rural,Ward 05,1534,1639,3173
Chegutu Rural,Ward 06,1487,1781,3268
Chegutu Rural,Ward 07,2232,2434,4666
Chegutu Rural,Ward 08,4840,5094,9934
Chegutu Rural,Ward 09,2617,2873,5490
Chegutu Rural,Ward 10,4616,5240,9856
Chegutu Rural,Ward 11,4905,4664,9569
Chegutu Rural,Ward 12,3357,3139,6496
Chegutu Rural,Ward 13,2576,2413,4989
Chegutu Rural,Ward 14,3609,3393,7002
Chegutu Rural,Ward 15,5740,4905,10645
Chegutu Rural,Ward 16,882,924,1806
Chegutu Rural,Ward 17,485,468,953
Chegutu Rural,Ward 18,574,567,1141
Chegutu Rural,Ward 19,571,549,1120
Chegutu Rural,Ward 20,3993,3846,7839
Chegutu Rural,Ward 21,3140,3018,6158
Chegutu Rural,Ward 22,6715,6347,13062
Chegutu Rural,Ward 23,3834,3828,7662
Chegutu Rural,Ward 24,4969,4699,9668
Chegutu Rural,Ward 25,4393,3778,8171
Chegutu Rural,Ward 26,2131,1909,4040
Chegutu Rural,Ward 27,1608,1712,3320
Chegutu Rural,Ward 28,2344,2226,4570
Chegutu Rural,Ward 29,2270,2013,4283
Chegutu Rural,Total,89623,89283,178906
Hurungwe,Ward 01,8716,8379,17095
Hurungwe,Ward 02,6764,6526,13290
Hurungwe,Ward 03,5815,5516,11331
Hurungwe,Ward 04,5223,5160,10383
Hurungwe,Ward 05,6134,6601,12735
Hurungwe,Ward 06,10871,10281,21152
Hurungwe,Ward 07,8982,8790,17772
Hurungwe,Ward 08,9340,9425,18765
Hurungwe,Ward 09,13897,13860,27757
Hurungwe,Ward 10,5004,5417,10421
Hurungwe,Ward 11,7955,8536,16491
Hurungwe,Ward 12,4671,4900,9571
Hurungwe,Ward 13,11963,12411,24374
Hurungwe,Ward 14,14332,14807,29139
Hurungwe,Ward 15,3611,3680,7291
Hurungwe,Ward 16,9509,9967,19476
Hurungwe,Ward 17,4563,4661,9224
Hurungwe,Ward 18,7509,7109,14618
Hurungwe,Ward 19,7126,6720,13846
Hurungwe,Ward 20,5660,5307,10967
Hurungwe,Ward 21,6479,6207,12686
Hurungwe,Ward 22,9929,9823,19752
Hurungwe,Ward 23,3992,4081,8073
Hurungwe,Ward 24,5756,6012,11768
Hurungwe,Ward 25,7666,8280,15946
Hurungwe,Ward 26,3463,3521,6984
Hurungwe,Total,194930,195977,390907
Mhondoro Ngezi,Ward 01,1895,2368,4263
Mhondoro Ngezi,Ward 02,963,1120,2083
Mhondoro Ngezi,Ward 03,1130,1250,2380
Mhondoro Ngezi,Ward 04,2292,2651,4943
Mhondoro Ngezi,Ward 05,2989,3271,6260
Mhondoro Ngezi,Ward 06,2345,2629,4974
Mhondoro Ngezi,Ward 07,872,1012,1884
Mhondoro Ngezi,Ward 08,1326,1488,2814
Mhondoro Ngezi,Ward 09,2625,2812,5437
Mhondoro Ngezi,Ward 10,1818,1920,3738
Mhondoro Ngezi,Ward 11,13082,11977,25059
Mhondoro Ngezi,Ward 12,6180,6164,12344
Mhondoro Ngezi,Ward 13,13911,11816,25727
Mhondoro Ngezi,Ward 14,12267,10960,23227
Mhondoro Ngezi,Ward 15,3834,3906,7740
Mhondoro Ngezi,Ward 16,4076,4042,8118
Mhondoro Ngezi,Total,71605,69386,140991
Kariba Rural,Ward 01,458,400,858
Kariba Rural,Ward 02,1361,1195,2556
Kariba Rural,Ward 03,3329,3552,6881
Kariba Rural,Ward 04,3168,3485,6653
Kariba Rural,Ward 05,1354,1563,2917
Kariba Rural,Ward 06,909,1021,1930
Kariba Rural,Ward 07,881,924,1805
Kariba Rural,Ward 08,3100,3469,6569
Kariba Rural,Ward 09,1561,1544,3105
Kariba Rural,Ward 10,931,1057,1988
Kariba Rural,Ward 11,1596,1633,3229
Kariba Rural,Ward 12,3879,3404,7283
Kariba Rural,Total,22527,23247,45774
Makonde,Ward 01,6127,5977,12104
Makonde,Ward 02,9654,9229,18883
Makonde,Ward 03,2683,2518,5201
Makonde,Ward 04,10388,10009,20397
Makonde,Ward 05,9216,8211,17427
Makonde,Ward 06,4755,4463,9218
Makonde,Ward 07,1952,2370,4322
Makonde,Ward 08,16367,16099,32466
Makonde,Ward 09,6252,5920,12172
Makonde,Ward 10,1628,1661,3289
Makonde,Ward 11,10033,10196,20229
Makonde,Ward 12,973,1002,1975
Makonde,Ward 13,5202,5091,10293
Makonde,Ward 14,2474,2591,5065
Makonde,Ward 15,2361,2418,4779
Makonde,Ward 16,3289,3212,6501
Makonde,Ward 17,3116,3113,6229
Makonde,Ward 18,3151,3102,6253
Makonde,Ward 19,6675,6469,13144
Makonde,Total,106296,103651,209947
Zvimba,Ward 01,2403,2722,5125
Zvimba,Ward 02,1470,1757,3227
Zvimba,Ward 03,2680,3065,5745
Zvimba,Ward 04,1259,1441,2700
Zvimba,Ward 05,1949,2219,4168
Zvimba,Ward 06,3284,3550,6834
Zvimba,Ward 07,2759,3093,5852
Zvimba,Ward 08,1823,2157,3980
Zvimba,Ward 09,2079,2397,4476
Zvimba,Ward 10,1120,1258,2378
Zvimba,Ward 11,1830,2067,3897
Zvimba,Ward 12,1743,1955,3698
Zvimba,Ward 13,8712,8554,17266
Zvimba,Ward 14,4482,4202,8684
Zvimba,Ward 15,8619,8339,16958
Zvimba,Ward 16,819,940,1759
Zvimba,Ward 17,7365,6898,14263
Zvimba,Ward 18,3906,3916,7822
Zvimba,Ward 19,5338,5212,10550
Zvimba,Ward 20,5881,6077,11958
Zvimba,Ward 21,6606,6716,13322
Zvimba,Ward 22,1891,2044,3935
Zvimba,Ward 23,4117,4592,8709
Zvimba,Ward 24,8820,8508,17328
Zvimba,Ward 25,5469,4974,10443
Zvimba,Ward 26,10939,10909,21848
Zvimba,Ward 27,1651,1559,3210
Zvimba,Ward 28,882,903,1785
Zvimba,Ward 29,1841,2036,3877
Zvimba,Ward 30,6616,6619,13235
Zvimba,Ward 31,4497,4408,8905
Zvimba,Ward 32,4594,4645,9239
Zvimba,Ward 33,4522,4611,9133
Zvimba,Ward 34,2921,2962,5883
Zvimba,Ward 35,37132,38676,75808
Zvimba,Total,172019,175981,347994
Sanyati,Ward 01,9924,8922,18846
Sanyati,Ward 02,6292,5940,12232
Sanyati,Ward 03,17722,16703,34425
Sanyati,Ward 04,5244,5215,10459
Sanyati,Ward 05,6886,6768,13654
Sanyati,Ward 06,1977,2125,4102
Sanyati,Ward 07,1289,1387,2676
Sanyati,Ward 08,1314,1428,2742
Sanyati,Ward 09,1174,1215,2389
Sanyati,Ward 10,2481,2741,5222
Sanyati,Ward 11,3126,3435,6561
Sanyati,Ward 12,3033,3180,6213
Sanyati,Ward 13,476,443,919
Sanyati,Ward 14,672,660,1332
Sanyati,Ward 15,460,428,888
Sanyati,Ward 16,3457,3474,6931
Sanyati,Ward 17,2722,2659,5381
Sanyati,Ward 18,1953,2308,4261
Sanyati,Total,70202,69031,139233
Chinhoyi Urban,Ward 01,716,840,1556
Chinhoyi Urban,Ward 02,2587,3005,5592
Chinhoyi Urban,Ward 03,2899,3470,6369
Chinhoyi Urban,Ward 04,4875,5382,10257
Chinhoyi Urban,Ward 05,3121,3525,6646
Chinhoyi Urban,Ward 06,1732,1903,3635
Chinhoyi Urban,Ward 07,2367,2783,5150
Chinhoyi Urban,Ward 08,3722,4321,8043
Chinhoyi Urban,Ward 09,2360,2527,4887
Chinhoyi Urban,Ward 10,1566,1699,3265
Chinhoyi Urban,Ward 11,1937,2120,4057
Chinhoyi Urban,Ward 12,3872,4494,8366
Chinhoyi Urban,Ward 13,12731,14728,27459
Chinhoyi Urban,Ward 14,2362,2637,4999
Chinhoyi Urban,Ward 15,1615,1775,3390
Chinhoyi Urban,Total,48462,55209,103671
Kadoma,Ward 01,5599,6370,11969
Kadoma,Ward 02,3765,4280,8045
Kadoma,Ward 03,3227,3568,6795
Kadoma,Ward 04,1563,1748,3311
Kadoma,Ward 05,1701,1940,3641
Kadoma,Ward 06,3004,3491,6495
Kadoma,Ward 07,1730,1927,3657
Kadoma,Ward 08,3600,4180,7780
Kadoma,Ward 09,1211,1240,2451
Kadoma,Ward 10,4895,5630,10525
Kadoma,Ward 11,2760,3158,5918
Kadoma,Ward 12,3190,3331,6521
Kadoma,Ward 13,6521,7469,13990
Kadoma,Ward 14,4342,4252,8594
Kadoma,Ward 15,2616,2707,5323
Kadoma,Ward 16,4261,4356,8617
Kadoma,Ward 17,1741,2007,3748
Kadoma,Total,55726,61654,117380
Chegutu Urban,Ward 01,585,503,1088
Chegutu Urban,Ward 02,1365,1525,2890
Chegutu Urban,Ward 03,3034,3632,6666
Chegutu Urban,Ward 04,1871,2116,3987
Chegutu Urban,Ward 05,854,845,1699
Chegutu Urban,Ward 06,1918,2095,4013
Chegutu Urban,Ward 07,2114,2275,4389
Chegutu Urban,Ward 08,1805,1927,3732
Chegutu Urban,Ward 09,1609,1756,3365
Chegutu Urban,Ward 10,2059,2311,4370
Chegutu Urban,Ward 11,3475,4014,7489
Chegutu Urban,Ward 12,10687,11883,22570
Chegutu Urban,Total,31376,34882,66258
Kariba Urban,Ward 01,2480,2737,5217
Kariba Urban,Ward 02,4674,4999,9673
Kariba Urban,Ward 03,2660,2656,5316
Kariba Urban,Ward 04,728,766,1494
Kariba Urban,Ward 05,901,900,1801
Kariba Urban,Ward 06,588,651,1239
Kariba Urban,Ward 07,510,473,983
Kariba Urban,Ward 08,478,440,918
Kariba Urban,Ward 09,669,599,1268
Kariba Urban,Total,13688,14221,27909
Norton,Ward 01,2258,2553,4811
Norton,Ward 02,1687,1716,3403
Norton,Ward 03,1649,1955,3604
Norton,Ward 04,4374,4865,9239
Norton,Ward 05,1330,1640,2970
Norton,Ward 06,1784,2044,3828
Norton,Ward 07,1869,2096,3965
Norton,Ward 08,1720,1904,3624
Norton,Ward 09,1517,1867,3384
Norton,Ward 10,1573,1803,3376
Norton,Ward 11,3091,3568,6659
Norton,Ward 12,12298,13664,25962
Norton,Ward 13,5852,6361,12213
Norton,Total,41002,46036,87038
Karoi,Ward 01,984,1260,2244
Karoi,Ward 02,475,554,1029
Karoi,Ward 03,896,1166,2062
Karoi,Ward 04,1236,1516,2752
Karoi,Ward 05,1256,1461,2717
Karoi,Ward 06,609,794,1403
Karoi,Ward 07,1675,1615,3290
Karoi,Ward 08,2287,2284,4571
Karoi,Ward 09,3006,3680,6686
Karoi,Ward 10,4941,5869,10810
Karoi,Total,17365,20199,37564
Matabeleland North,Total,400188,427438,827626
Binga,Ward 01,2049,2234,4283
Binga,Ward 02,2725,3532,6257
Binga,Ward 03,2036,2892,4928
Binga,Ward 04,1645,2157,3802
Binga,Ward 05,2297,2921,5218
Binga,Ward 06,2671,3494,6165
Binga,Ward 07,2730,3495,6225
Binga,Ward 08,2287,2841,5128
Binga,Ward 09,2445,3389,5834
Binga,Ward 10,1835,2631,4466
Binga,Ward 11,1631,2072,3703
Binga,Ward 12,1409,1841,3250
Binga,Ward 13,2154,2573,4727
Binga,Ward 14,4503,5285,9788
Binga,Ward 15,1717,2257,3974
Binga,Ward 16,4380,5140,9520
Binga,Ward 17,5865,6857,12722
Binga,Ward 18,2566,2950,5516
Binga,Ward 19,2752,3227,5979
Binga,Ward 20,2313,2850,5163
Binga,Ward 21,10315,11599,21914
Binga,Ward 22,1552,1822,3374
Binga,Ward 23,3389,4144,7533
Binga,Ward 24,3349,3218,6567
Binga,Ward 25,1778,2168,3946
Binga,Total,72393,87589,159982
Bubi,Ward 01,2276,1724,4000
Bubi,Ward 02,1576,1644,3220
Bubi,Ward 03,1729,1911,3640
Bubi,Ward 04,1708,1837,3545
Bubi,Ward 05,794,824,1618
Bubi,Ward 06,80,63,143
Bubi,Ward 07,1479,1549,3028
Bubi,Ward 08,1018,865,1883
Bubi,Ward 09,819,619,1438
Bubi,Ward 10,1409,1022,2431
Bubi,Ward 11,3789,3808,7597
Bubi,Ward 12,2149,1669,3818
Bubi,Ward 13,1805,1525,3330
Bubi,Ward 14,974,780,1754
Bubi,Ward 15,1390,1369,2759
Bubi,Ward 16,1024,1029,2053
Bubi,Ward 17,1291,1407,2698
Bubi,Ward 18,1112,1212,2324
Bubi,Ward 19,1453,1323,2776
Bubi,Ward 20,2408,2247,4655
Bubi,Ward 21,3410,3061,6471
Bubi,Ward 22,2223,1476,3699
Bubi,Ward 23,3147,2057,5204
Bubi,Total,39063,35021,74084
Hwange Rural,Ward 01,2529,2487,5016
Hwange Rural,Ward 02,3141,3039,6180
Hwange Rural,Ward 03,1786,1883,3669
Hwange Rural,Ward 04,1665,1888,3553
Hwange Rural,Ward 05,1219,1431,2650
Hwange Rural,Ward 06,1289,1428,2717
Hwange Rural,Ward 07,1628,1748,3376
Hwange Rural,Ward 08,900,1044,1944
Hwange Rural,Ward 09,1021,1033,2054
Hwange Rural,Ward 10,2111,2378,4489
Hwange Rural,Ward 11,1767,1980,3747
Hwange Rural,Ward 12,1325,1464,2789
Hwange Rural,Ward 13,356,397,753
Hwange Rural,Ward 14,1595,1874,3469
Hwange Rural,Ward 15,2299,2698,4997
Hwange Rural,Ward 16,1576,1805,3381
Hwange Rural,Ward 17,1886,1761,3647
Hwange Rural,Ward 18,1772,1828,3600
Hwange Rural,Ward 19,666,413,1079
Hwange Rural,Ward 20,3165,3082,6247
Hwange Rural,Total,33696,35661,69357
Lupane,Ward 01,1242,1229,2471
Lupane,Ward 02,823,895,1718
Lupane,Ward 03,2212,2582,4794
Lupane,Ward 04,1181,1327,2508
Lupane,Ward 05,2289,2446,4735
Lupane,Ward 06,1494,1674,3168
Lupane,Ward 07,1042,1175,2217
Lupane,Ward 08,1887,2059,3946
Lupane,Ward 09,1493,1704,3197
Lupane,Ward 10,2532,2912,5444
Lupane,Ward 11,2522,2796,5318
Lupane,Ward 12,2050,2142,4192
Lupane,Ward 13,2264,2411,4675
Lupane,Ward 14,1617,1877,3494
Lupane,Ward 15,3778,4446,8224
Lupane,Ward 16,2112,2392,4504
Lupane,Ward 17,2096,2204,4300
Lupane,Ward 18,1529,1650,3179
Lupane,Ward 19,2304,2499,4803
Lupane,Ward 20,1927,2131,4058
Lupane,Ward 21,2607,2868,5475
Lupane,Ward 22,668,621,1289
Lupane,Ward 23,2322,2609,4931
Lupane,Ward 24,844,824,1668
Lupane,Ward 25,479,482,961
Lupane,Ward 26,484,479,963
Lupane,Ward 27,1683,1844,3527
Lupane,Ward 28,3647,3839,7486
Lupane,Total,51128,56117,107245
Nkayi,Ward 01,2377,2660,5037
Nkayi,Ward 02,1996,2191,4187
Nkayi,Ward 03,1711,1833,3544
Nkayi,Ward 04,1540,1595,3135
Nkayi,Ward 05,3067,3371,6438
Nkayi,Ward 06,2313,2532,4845
Nkayi,Ward 07,1755,1921,3676
Nkayi,Ward 08,1763,1814,3577
Nkayi,Ward 09,1621,1794,3415
Nkayi,Ward 10,1509,1678,3187
Nkayi,Ward 11,1185,1272,2457
Nkayi,Ward 12,2164,2302,4466
Nkayi,Ward 13,2020,2227,4247
Nkayi,Ward 14,1790,1945,3735
Nkayi,Ward 15,1013,1096,2109
Nkayi,Ward 16,1848,1826,3674
Nkayi,Ward 17,1391,1577,2968
Nkayi,Ward 18,1308,1431,2739
Nkayi,Ward 19,1742,1891,3633
Nkayi,Ward 20,1650,1784,3434
Nkayi,Ward 21,1913,2007,3920
Nkayi,Ward 22,2638,2846,5484
Nkayi,Ward 23,1485,1622,3107
Nkayi,Ward 24,2220,2418,4638
Nkayi,Ward 25,1794,1949,3743
Nkayi,Ward 26,1349,1433,2782
Nkayi,Ward 27,1739,1806,3545
Nkayi,Ward 28,975,949,1924
Nkayi,Ward 29,2940,3260,6200
Nkayi,Ward 30,1325,1300,2625
Nkayi,Total,54141,58330,112471
Tsholotsho,Ward 01,1688,1814,3502
Tsholotsho,Ward 02,2310,2646,4956
Tsholotsho,Ward 03,2422,2728,5150
Tsholotsho,Ward 04,1252,1376,2628
Tsholotsho,Ward 05,2267,2504,4771
Tsholotsho,Ward 06,3751,4253,8004
Tsholotsho,Ward 07,1968,2105,4073
Tsholotsho,Ward 08,4297,5047,9344
Tsholotsho,Ward 09,3103,3457,6560
Tsholotsho,Ward 10,1848,2220,4068
Tsholotsho,Ward 11,1932,2200,4132
Tsholotsho,Ward 12,3601,4057,7658
Tsholotsho,Ward 13,2543,2897,5440
Tsholotsho,Ward 14,1697,2038,3735
Tsholotsho,Ward 15,3964,4687,8651
Tsholotsho,Ward 16,2408,2954,5362
Tsholotsho,Ward 17,1825,2249,4074
Tsholotsho,Ward 18,1982,2317,4299
Tsholotsho,Ward 19,2582,2998,5580
Tsholotsho,Ward 20,941,889,1830
Tsholotsho,Ward 21,998,1184,2182
Tsholotsho,Ward 22,4467,5316,9783
Tsholotsho,Total,53846,61936,115782
Umguza,Ward 01,3255,2922,6177
Umguza,Ward 02,6363,6158,12521
Umguza,Ward 03,2331,2215,4546
Umguza,Ward 04,1535,1505,3040
Umguza,Ward 05,2832,2607,5439
Umguza,Ward 06,1833,1845,3678
Umguza,Ward 07,3940,3627,7567
Umguza,Ward 08,3014,2490,5504
Umguza,Ward 09,3050,2735,5785
Umguza,Ward 10,1486,1403,2889
Umguza,Ward 11,3123,3131,6254
Umguza,Ward 12,1416,1452,2868
Umguza,Ward 13,1703,1692,3395
Umguza,Ward 14,2604,2402,5006
Umguza,Ward 15,946,972,1918
Umguza,Ward 16,15250,12847,28097
Umguza,Ward 17,419,332,751
Umguza,Ward 18,1375,1513,2888
Umguza,Ward 19,2669,2273,4942
Umguza,Total,59144,54121,113265
Hwange Urban,Ward 01,603,582,1185
Hwange Urban,Ward 02,379,378,757
Hwange Urban,Ward 03,453,409,862
Hwange Urban,Ward 04,698,729,1427
Hwange Urban,Ward 05,1027,1115,2142
Hwange Urban,Ward 06,2663,2947,5610
Hwange Urban,Ward 07,553,369,922
Hwange Urban,Ward 08,4383,4583,8966
Hwange Urban,Ward 09,265,243,508
Hwange Urban,Ward 10,1060,1038,2098
Hwange Urban,Ward 11,2039,1801,3840
Hwange Urban,Ward 12,1122,1113,2235
Hwange Urban,Ward 14,2520,2545,5065
Hwange Urban,Ward 15,2349,2275,4624
Hwange Urban,Total,20114,20127,40241
Victoria Falls,Ward 01,568,628,1196
Victoria Falls,Ward 02,775,753,1528
Victoria Falls,Ward 03,562,602,1164
Victoria Falls,Ward 04,948,1074,2022
Victoria Falls,Ward 05,700,728,1428
Victoria Falls,Ward 06,603,645,1248
Victoria Falls,Ward 07,734,853,1587
Victoria Falls,Ward 08,607,751,1358
Victoria Falls,Ward 09,1530,1797,3327
Victoria Falls,Ward 10,1254,1329,2583
Victoria Falls,Ward 11,8382,9376,17758
Victoria Falls,Total,16663,18536,35199
Matabeleland South,Total,370713,389632,760345
Beitbridge Rural,Ward 01,2455,2817,5272
Beitbridge Rural,Ward 02,2573,2907,5480
Beitbridge Rural,Ward 03,3571,4630,8201
Beitbridge Rural,Ward 04,3086,3608,6694
Beitbridge Rural,Ward 05,6082,6934,13016
Beitbridge Rural,Ward 06,4169,4531,8700
Beitbridge Rural,Ward 07,1668,1871,3539
Beitbridge Rural,Ward 08,2018,2301,4319
Beitbridge Rural,Ward 09,2379,2625,5004
Beitbridge Rural,Ward 10,3053,3625,6678
Beitbridge Rural,Ward 11,3773,4297,8070
Beitbridge Rural,Ward 12,3289,3689,6978
Beitbridge Rural,Ward 13,1583,1285,2868
Beitbridge Rural,Ward 14,2378,1846,4224
Beitbridge Rural,Ward 15,2281,2676,4957
Beitbridge Rural,Total,44358,49642,94000
Bulilima,Ward 01,2211,2500,4711
Bulilima,Ward 02,1241,1463,2704
Bulilima,Ward 03,2793,3142,5935
Bulilima,Ward 04,2123,2391,4514
Bulilima,Ward 05,2733,3180,5913
Bulilima,Ward 06,2124,2603,4727
Bulilima,Ward 07,3320,4029,7349
Bulilima,Ward 08,1901,2446,4347
Bulilima,Ward 09,2213,2558,4771
Bulilima,Ward 10,1743,2063,3806
Bulilima,Ward 11,2176,2579,4755
Bulilima,Ward 12,2645,3250,5895
Bulilima,Ward 13,1480,1811,3291
Bulilima,Ward 14,2536,3074,5610
Bulilima,Ward 15,774,842,1616
Bulilima,Ward 16,968,876,1844
Bulilima,Ward 17,178,189,367
Bulilima,Ward 18,397,419,816
Bulilima,Ward 19,2384,2533,4917
Bulilima,Ward 20,916,972,1888
Bulilima,Ward 21,929,1084,2013
Bulilima,Ward 22,1735,2076,3811
Bulilima,Total,39520,46080,85600
Mangwe,Ward 01,1800,2082,3882
Mangwe,Ward 02,1844,2113,3957
Mangwe,Ward 03,2167,2547,4714
Mangwe,Ward 04,2459,2809,5268
Mangwe,Ward 05,1827,1935,3762
Mangwe,Ward 06,2558,3002,5560
Mangwe,Ward 07,1402,1671,3073
Mangwe,Ward 08,1111,1145,2256
Mangwe,Ward 09,1004,1238,2242
Mangwe,Ward 10,2108,2404,4512
Mangwe,Ward 11,1583,1139,2722
Mangwe,Ward 12,1274,1322,2596
Mangwe,Ward 13,1602,1753,3355
Mangwe,Ward 14,1004,1086,2090
Mangwe,Ward 15,2761,2937,5698
Mangwe,Ward 16,2610,3108,5718
Mangwe,Ward 17,1953,2204,4157
Mangwe,Total,31067,34495,65562
Gwanda,Ward 01,2426,2599,5025
Gwanda,Ward 02,1767,1934,3701
Gwanda,Ward 03,1717,1671,3388
Gwanda,Ward 04,2232,2394,4626
Gwanda,Ward 05,740,775,1515
Gwanda,Ward 06,2189,2290,4479
Gwanda,Ward 07,1456,1584,3040
Gwanda,Ward 08,3183,3283,6466
Gwanda,Ward 09,2150,2173,4323
Gwanda,Ward 10,159,75,234
Gwanda,Ward 11,2174,2432,4606
Gwanda,Ward 12,2472,2850,5322
Gwanda,Ward 13,3761,4223,7984
Gwanda,Ward 14,3182,3493,6675
Gwanda,Ward 15,2408,2812,5220
Gwanda,Ward 16,2602,3023,5625
Gwanda,Ward 17,3214,3547,6761
Gwanda,Ward 18,2600,2967,5567
Gwanda,Ward 19,2684,3114,5798
Gwanda,Ward 20,2216,2529,4745
Gwanda,Ward 21,6123,4147,10270
Gwanda,Ward 22,4497,3571,8068
Gwanda,Ward 23,4338,3956,8294
Gwanda,Ward 24,1310,1506,2816
Gwanda,Total,61600,62948,124548
Insiza,Ward 01,2053,2017,4070
Insiza,Ward 02,2751,2726,5477
Insiza,Ward 03,2909,3364,6273
Insiza,Ward 04,2348,2597,4945
Insiza,Ward 05,2129,2412,4541
Insiza,Ward 06,1789,2051,3840
Insiza,Ward 07,1888,2151,4039
Insiza,Ward 08,395,358,753
Insiza,Ward 09,2259,2433,4692
Insiza,Ward 10,1133,1055,2188
Insiza,Ward 11,1198,1292,2490
Insiza,Ward 12,968,1137,2105
Insiza,Ward 13,2715,2472,5187
Insiza,Ward 14,2303,1446,3749
Insiza,Ward 15,5222,4623,9845
Insiza,Ward 16,2630,1982,4612
Insiza,Ward 17,3945,3883,7828
Insiza,Ward 18,1892,2014,3906
Insiza,Ward 19,4488,4527,9015
Insiza,Ward 20,5493,5799,11292
Insiza,Ward 21,3775,3835,7610
Insiza,Ward 22,4876,4488,9364
Insiza,Ward 23,2965,2117,5082
Insiza,Total,62124,60779,122903
Matobo,Ward 01,1957,2099,4056
Matobo,Ward 02,3587,3368,6955
Matobo,Ward 03,1786,1955,3741
Matobo,Ward 04,2583,2721,5304
Matobo,Ward 05,2134,2249,4383
Matobo,Ward 06,2357,2853,5210
Matobo,Ward 07,2210,2666,4876
Matobo,Ward 08,1914,2084,3998
Matobo,Ward 09,1465,1603,3068
Matobo,Ward 10,1448,1659,3107
Matobo,Ward 11,1469,1665,3134
Matobo,Ward 12,1933,2002,3935
Matobo,Ward 13,1471,1746,3217
Matobo,Ward 14,1955,2122,4077
Matobo,Ward 15,2607,2840,5447
Matobo,Ward 16,2068,2238,4306
Matobo,Ward 17,2086,2299,4385
Matobo,Ward 18,1835,2003,3838
Matobo,Ward 19,3700,3809,7509
Matobo,Ward 20,85,,85
Matobo,Ward 21,483,417,900
Matobo,Ward 22,562,185,747
Matobo,Ward 23,603,450,1053
Matobo,Ward 24,1134,946,2080
Matobo,Ward 25,3692,2593,6285
Matobo,Total,47124,48572,95696
Umzingwane,Ward 01,1756,1845,3601
Umzingwane,Ward 02,2435,2464,4899
Umzingwane,Ward 03,2920,2849,5769
Umzingwane,Ward 04,1938,1915,3853
Umzingwane,Ward 05,2729,3026,5755
Umzingwane,Ward 06,1983,2073,4056
Umzingwane,Ward 07,1354,1547,2901
Umzingwane,Ward 08,1343,1337,2680
Umzingwane,Ward 09,1205,1296,2501
Umzingwane,Ward 10,489,599,1088
Umzingwane,Ward 11,1078,1105,2183
Umzingwane,Ward 12,1677,1854,3531
Umzingwane,Ward 13,836,861,1697
Umzingwane,Ward 14,2608,2157,4765
Umzingwane,Ward 15,431,147,578
Umzingwane,Ward 16,2406,2294,4700
Umzingwane,Ward 17,1576,1401,2977
Umzingwane,Ward 18,2901,2222,5123
Umzingwane,Ward 19,3464,2537,6001
Umzingwane,Ward 20,1855,1347,3202
Umzingwane,Total,36984,34876,71860
Gwanda Urban,Ward 01,782,822,1604
Gwanda Urban,Ward 02,305,310,615
Gwanda Urban,Ward 03,518,539,1057
Gwanda Urban,Ward 04,1199,1278,2477
Gwanda Urban,Ward 05,2877,3282,6159
Gwanda Urban,Ward 06,1477,1782,3259
Gwanda Urban,Ward 07,1679,2141,3820
Gwanda Urban,Ward 08,2010,2168,4178
Gwanda Urban,Ward 09,1482,1680,3162
Gwanda Urban,Ward 10,444,368,812
Gwanda Urban,Total,12773,14370,27143
Beitbridge,Ward 01,1598,1580,3178
Beitbridge,Ward 02,1456,1538,2994
Beitbridge,Ward 03,2691,2686,5377
Beitbridge,Ward 04,5321,5731,11052
Beitbridge,Ward 05,7191,7844,15035
Beitbridge,Ward 06,10208,10730,20938
Beitbridge,Total,28465,30109,58574
Plumtree,Ward 01,2186,2598,4784
Plumtree,Ward 02,468,525,993
Plumtree,Ward 03,2059,2611,4670
Plumtree,Ward 04,845,869,1714
Plumtree,Ward 05,310,226,536
Plumtree,Ward 06,830,932,1762
Plumtree,Total,6698,7761,14459
Midlands,Total,870664,941244,1811908
Chirumhanzu,Ward 01,1710,2142,3852
Chirumhanzu,Ward 02,1942,2432,4374
Chirumhanzu,Ward 03,1847,2165,4012
Chirumhanzu,Ward 04,965,1169,2134
Chirumhanzu,Ward 05,1363,1643,3006
Chirumhanzu,Ward 06,1616,1862,3478
Chirumhanzu,Ward 07,1149,1285,2434
Chirumhanzu,Ward 08,1419,1737,3156
Chirumhanzu,Ward 09,2245,2638,4883
Chirumhanzu,Ward 10,520,586,1106
Chirumhanzu,Ward 11,2036,2211,4247
Chirumhanzu,Ward 12,4411,4030,8441
Chirumhanzu,Ward 13,1364,1616,2980
Chirumhanzu,Ward 14,1263,1472,2735
Chirumhanzu,Ward 15,3192,2777,5969
Chirumhanzu,Ward 16,904,704,1608
Chirumhanzu,Ward 17,1267,1339,2606
Chirumhanzu,Ward 18,1293,1364,2657
Chirumhanzu,Ward 19,2233,2539,4772
Chirumhanzu,Ward 20,4964,5040,10004
Chirumhanzu,Ward 21,956,1158,2114
Chirumhanzu,Ward 22,2670,2581,5251
Chirumhanzu,Ward 23,1496,1844,3340
Chirumhanzu,Ward 24,1113,1325,2438
Chirumhanzu,Ward 25,1651,2024,3675
Chirumhanzu,Total,45589,49683,95272
Gokwe North,Ward 01,3117,3423,6540
Gokwe North,Ward 02,8223,9117,17340
Gokwe North,Ward 03,4287,4728,9015
Gokwe North,Ward 04,4398,4855,9253
Gokwe North,Ward 05,4089,4461,8550
Gokwe North,Ward 06,2201,2380,4581
Gokwe North,Ward 07,3835,4019,7854
Gokwe North,Ward 08,4034,4499,8533
Gokwe North,Ward 09,5029,5574,10603
Gokwe North,Ward 10,2528,2742,5270
Gokwe North,Ward 11,4016,4234,8250
Gokwe North,Ward 12,3414,3680,7094
Gokwe North,Ward 13,7613,8699,16312
Gokwe North,Ward 14,4003,4345,8348
Gokwe North,Ward 15,2907,3138,6045
Gokwe North,Ward 16,2142,2317,4459
Gokwe North,Ward 17,2612,2730,5342
Gokwe North,Ward 18,1578,1738,3316
Gokwe North,Ward 19,2708,2882,5590
Gokwe North,Ward 20,2548,2673,5221
Gokwe North,Ward 21,2430,2596,5026
Gokwe North,Ward 22,6484,6066,12550
Gokwe North,Ward 23,3511,3598,7109
Gokwe North,Ward 24,1086,1062,2148
Gokwe North,Ward 25,1747,1754,3501
Gokwe North,Ward 26,1257,1217,2474
Gokwe North,Ward 27,2320,2599,4919
Gokwe North,Ward 28,4176,4527,8703
Gokwe North,Ward 29,1865,2255,4120
Gokwe North,Ward 30,3276,3670,6946
Gokwe North,Ward 31,3432,4008,7440
Gokwe North,Ward 32,1516,1625,3141
Gokwe North,Ward 33,2922,3199,6121
Gokwe North,Ward 34,2599,2929,5528
Gokwe North,Ward 35,3357,3617,6974
Gokwe North,Ward 36,2619,2888,5507
Gokwe North,Total,119879,129844,249723
Gokwe South,Ward 01,5078,5628,10706
Gokwe South,Ward 02,3927,4095,8022
Gokwe South,Ward 03,1493,1578,3071
Gokwe South,Ward 04,3829,4209,8038
Gokwe South,Ward 05,5007,5627,10634
Gokwe South,Ward 06,3446,3904,7350
Gokwe South,Ward 07,2999,3402,6401
Gokwe South,Ward 08,4736,5123,9859
Gokwe South,Ward 09,8542,9637,18179
Gokwe South,Ward 10,5448,6214,11662
Gokwe South,Ward 11,6144,6748,12892
Gokwe South,Ward 12,4798,5285,10083
Gokwe South,Ward 13,6648,7264,13912
Gokwe South,Ward 14,5347,5787,11134
Gokwe South,Ward 15,9641,10702,20343
Gokwe South,Ward 16,4744,5195,9939
Gokwe South,Ward 17,2973,3088,6061
Gokwe South,Ward 18,4847,5305,10152
Gokwe South,Ward 19,6741,7214,13955
Gokwe South,Ward 20,2966,3360,6326
Gokwe South,Ward 21,4307,4747,9054
Gokwe South,Ward 22,3211,3464,6675
Gokwe South,Ward 23,6856,7386,14242
Gokwe South,Ward 24,9863,10099,19962
Gokwe South,Ward 25,6222,6587,12809
Gokwe South,Ward 26,3008,3510,6518
Gokwe South,Ward 27,4579,5374,9953
Gokwe South,Ward 28,2522,2469,4991
Gokwe South,Ward 29,3018,3304,6322
Gokwe South,Ward 30,2187,2285,4472
Gokwe South,Ward 31,1936,2117,4053
Gokwe South,Ward 32,2202,2506,4708
Gokwe South,Ward 33,2517,2558,5075
Gokwe South,Total,151782,165771,317553
Gweru Rural,Ward 01,2939,2880,5819
Gweru Rural,Ward 02,2240,2591,4831
Gweru Rural,Ward 03,3687,4315,8002
Gweru Rural,Ward 04,1689,1896,3585
Gweru Rural,Ward 05,1036,1187,2223
Gweru Rural,Ward 06,2152,2485,4637
Gweru Rural,Ward 07,2018,2162,4180
Gweru Rural,Ward 08,4792,5373,10165
Gweru Rural,Ward 09,3226,2863,6089
Gweru Rural,Ward 10,2373,2683,5056
Gweru Rural,Ward 11,1806,2080,3886
Gweru Rural,Ward 12,1977,2362,4339
Gweru Rural,Ward 13,1072,1175,2247
Gweru Rural,Ward 14,6035,4541,10576
Gweru Rural,Ward 15,2264,2037,4301
Gweru Rural,Ward 16,12867,13051,25918
Gweru Rural,Ward 17,2046,1852,3898
Gweru Rural,Ward 18,4027,3680,7707
Gweru Rural,Ward 19,2187,2066,4253
Gweru Rural,Total,60433,61279,121712
Kwekwe Rural,Ward 01,3620,3409,7029
Kwekwe Rural,Ward 02,3204,2911,6115
Kwekwe Rural,Ward 03,3394,2834,6228
Kwekwe Rural,Ward 04,1978,1568,3546
Kwekwe Rural,Ward 05,2103,2140,4243
Kwekwe Rural,Ward 06,3792,3777,7569
Kwekwe Rural,Ward 07,2708,2982,5690
Kwekwe Rural,Ward 08,5897,5918,11815
Kwekwe Rural,Ward 09,2001,2089,4090
Kwekwe Rural,Ward 10,2123,2094,4217
Kwekwe Rural,Ward 11,3229,3455,6684
Kwekwe Rural,Ward 12,2447,2692,5139
Kwekwe Rural,Ward 13,3182,3339,6521
Kwekwe Rural,Ward 14,3377,3520,6897
Kwekwe Rural,Ward 15,4404,4336,8740
Kwekwe Rural,Ward 16,2221,2335,4556
Kwekwe Rural,Ward 17,3794,4192,7986
Kwekwe Rural,Ward 18,1065,1218,2283
Kwekwe Rural,Ward 19,1368,1381,2749
Kwekwe Rural,Ward 20,3208,3314,6522
Kwekwe Rural,Ward 21,5517,5727,11244
Kwekwe Rural,Ward 22,5391,5312,10703
Kwekwe Rural,Ward 23,880,872,1752
Kwekwe Rural,Ward 24,3479,3485,6964
Kwekwe Rural,Ward 25,2829,2933,5762
Kwekwe Rural,Ward 26,1438,1357,2795
Kwekwe Rural,Ward 27,2845,2808,5653
Kwekwe Rural,Ward 28,1008,1085,2093
Kwekwe Rural,Ward 29,1364,1565,2929
Kwekwe Rural,Ward 30,3687,3423,7110
Kwekwe Rural,Ward 31,6378,5023,11401
Kwekwe Rural,Ward 32,3194,3395,6589
Kwekwe Rural,Ward 33,1669,1780,3449
Kwekwe Rural,Total,98794,98269,197063
Mberengwa,Ward 01,3868,3835,7703
Mberengwa,Ward 02,12027,11245,23272
Mberengwa,Ward 03,2661,2979,5640
Mberengwa,Ward 04,3189,3614,6803
Mberengwa,Ward 05,3149,3762,6911
Mberengwa,Ward 06,3575,4358,7933
Mberengwa,Ward 07,1783,2060,3843
Mberengwa,Ward 08,2049,2325,4374
Mberengwa,Ward 09,1637,1706,3343
Mberengwa,Ward 10,1956,1991,3947
Mberengwa,Ward 11,1769,1974,3743
Mberengwa,Ward 12,2358,2540,4898
Mberengwa,Ward 13,2231,2397,4628
Mberengwa,Ward 14,1794,1943,3737
Mberengwa,Ward 15,2077,2157,4234
Mberengwa,Ward 16,2062,2337,4399
Mberengwa,Ward 17,2419,2662,5081
Mberengwa,Ward 18,3936,4677,8613
Mberengwa,Ward 19,2827,3397,6224
Mberengwa,Ward 20,1522,1765,3287
Mberengwa,Ward 21,2036,2558,4594
Mberengwa,Ward 22,1738,2082,3820
Mberengwa,Ward 23,2037,2463,4500
Mberengwa,Ward 24,2193,2656,4849
Mberengwa,Ward 25,1765,2139,3904
Mberengwa,Ward 26,2813,3363,6176
Mberengwa,Ward 27,1717,1981,3698
Mberengwa,Ward 28,1835,2172,4007
Mberengwa,Ward 29,2670,3210,5880
Mberengwa,Ward 30,2235,2741,4976
Mberengwa,Ward 31,3231,3885,7116
Mberengwa,Ward 32,2804,3222,6026
Mberengwa,Ward 33,1472,1743,3215
Mberengwa,Ward 34,1502,1775,3277
Mberengwa,Ward 35,3819,3608,7427
Mberengwa,Ward 36,5768,4915,10683
Mberengwa,Ward 37,804,893,1697
Mberengwa,Total,99328,109130,208458
Shurugwi Rural,Ward 01,1636,1775,3411
Shurugwi Rural,Ward 02,1429,1473,2902
Shurugwi Rural,Ward 03,162,160,322
Shurugwi Rural,Ward 04,240,215,455
Shurugwi Rural,Ward 05,1457,1671,3128
Shurugwi Rural,Ward 06,775,840,1615
Shurugwi Rural,Ward 07,1232,1458,2690
Shurugwi Rural,Ward 08,1163,1319,2482
Shurugwi Rural,Ward 09,2249,2569,4818
Shurugwi Rural,Ward 10,3904,4677,8581
Shurugwi Rural,Ward 11,2978,3386,6364
Shurugwi Rural,Ward 12,1921,2255,4176
Shurugwi Rural,Ward 13,1501,1761,3262
Shurugwi Rural,Ward 14,1246,1445,2691
Shurugwi Rural,Ward 15,1295,1381,2676
Shurugwi Rural,Ward 16,1901,1817,3718
Shurugwi Rural,Ward 17,3031,2108,5139
Shurugwi Rural,Ward 18,9886,8233,18119
Shurugwi Rural,Ward 19,3402,3261,6663
Shurugwi Rural,Ward 20,1790,1926,3716
Shurugwi Rural,Ward 21,2879,3106,5985
Shurugwi Rural,Ward 22,261,250,511
Shurugwi Rural,Ward 23,846,927,1773
Shurugwi Rural,Ward 24,1425,1693,3118
Shurugwi Rural,Total,48609,49706,98315
Zvishavane Rural,Ward 01,897,1040,1937
Zvishavane Rural,Ward 02,1562,1801,3363
Zvishavane Rural,Ward 03,1685,1848,3533
Zvishavane Rural,Ward 04,1733,2001,3734
Zvishavane Rural,Ward 05,1717,1537,3254
Zvishavane Rural,Ward 06,2527,2947,5474
Zvishavane Rural,Ward 07,2239,2482,4721
Zvishavane Rural,Ward 08,1492,1650,3142
Zvishavane Rural,Ward 09,1643,2007,3650
Zvishavane Rural,Ward 10,2107,2354,4461
Zvishavane Rural,Ward 11,1617,1837,3454
Zvishavane Rural,Ward 12,2175,2298,4473
Zvishavane Rural,Ward 13,2752,2930,5682
Zvishavane Rural,Ward 14,3831,3376,7207
Zvishavane Rural,Ward 15,2989,3273,6262
Zvishavane Rural,Ward 16,2137,2452,4589
Zvishavane Rural,Ward 17,2567,2924,5491
Zvishavane Rural,Ward 18,2625,2478,5103
Zvishavane Rural,Ward 19,3003,2502,5505
Zvishavane Rural,Total,41298,43737,85035
Gweru Urban,Ward 01,2906,3379,6285
Gweru Urban,Ward 02,4929,5609,10538
Gweru Urban,Ward 03,1717,1987,3704
Gweru Urban,Ward 04,3578,4281,7859
Gweru Urban,Ward 05,6670,7614,14284
Gweru Urban,Ward 06,6162,7202,13364
Gweru Urban,Ward 07,3109,3527,6636
Gweru Urban,Ward 08,7383,8181,15564
Gweru Urban,Ward 09,3393,3965,7358
Gweru Urban,Ward 10,5206,6153,11359
Gweru Urban,Ward 11,3165,3673,6838
Gweru Urban,Ward 12,3208,3826,7034
Gweru Urban,Ward 13,4091,4873,8964
Gweru Urban,Ward 14,3340,3960,7300
Gweru Urban,Ward 15,5923,7091,13014
Gweru Urban,Ward 16,3673,4573,8246
Gweru Urban,Ward 17,3655,4489,8144
Gweru Urban,Ward 18,2337,2464,4801
Gweru Urban,Total,74445,86847,161292
Kwekwe Urban,Ward 01,4891,5769,10660
Kwekwe Urban,Ward 02,8520,9579,18099
Kwekwe Urban,Ward 03,4827,5405,10232
Kwekwe Urban,Ward 04,3721,4344,8065
Kwekwe Urban,Ward 05,4729,5647,10376
Kwekwe Urban,Ward 06,3063,2912,5975
Kwekwe Urban,Ward 07,2042,2295,4337
Kwekwe Urban,Ward 08,2742,2942,5684
Kwekwe Urban,Ward 09,2174,2179,4353
Kwekwe Urban,Ward 10,3638,3811,7449
Kwekwe Urban,Ward 11,7755,8730,16485
Kwekwe Urban,Ward 12,4055,4712,8767
Kwekwe Urban,Ward 13,1916,2174,4090
Kwekwe Urban,Ward 14,2498,2793,5291
Kwekwe Urban,Total,56571,63292,119863
Redcliff,Ward 01,1126,1240,2366
Redcliff,Ward 02,1527,1717,3244
Redcliff,Ward 03,1273,1479,2752
Redcliff,Ward 04,1733,2118,3851
Redcliff,Ward 05,4838,5355,10193
Redcliff,Ward 06,5601,6343,11944
Redcliff,Ward 07,828,1037,1865
Redcliff,Ward 08,859,985,1844
Redcliff,Ward 09,1626,1841,3467
Redcliff,Total,19411,22115,41526
Zvishavane Urban,Ward 01,1468,1694,3162
Zvishavane Urban,Ward 02,762,953,1715
Zvishavane Urban,Ward 03,1994,2359,4353
Zvishavane Urban,Ward 04,4894,5439,10333
Zvishavane Urban,Ward 05,1507,1692,3199
Zvishavane Urban,Ward 06,1938,1848,3786
Zvishavane Urban,Ward 07,7348,8549,15897
Zvishavane Urban,Ward 08,4283,4669,8952
Zvishavane Urban,Ward 09,1855,2012,3867
Zvishavane Urban,Ward 10,2166,2287,4453
Zvishavane Urban,Total,28215,31502,59717
Gokwe Centre,Ward 01,1876,2336,4212
Gokwe Centre,Ward 02,1733,2182,3915
Gokwe Centre,Ward 03,4143,4821,8964
Gokwe Centre,Ward 04,1181,1362,2543
Gokwe Centre,Ward 05,4316,5506,9822
Gokwe Centre,Ward 06,1684,1935,3619
Gokwe Centre,Total,14933,18142,33075
Shurugwi Urban,Ward 01,527,522,1049
Shurugwi Urban,Ward 02,594,594,1188
Shurugwi Urban,Ward 03,644,654,1298
Shurugwi Urban,Ward 04,485,534,1019
Shurugwi Urban,Ward 05,899,1042,1941
Shurugwi Urban,Ward 06,567,560,1127
Shurugwi Urban,Ward 07,623,580,1203
Shurugwi Urban,Ward 08,681,752,1433
Shurugwi Urban,Ward 09,510,604,1114
Shurugwi Urban,Ward 10,698,838,1536
Shurugwi Urban,Ward 11,1320,1424,2744
Shurugwi Urban,Ward 12,3189,3377,6566
Shurugwi Urban,Ward 13,640,446,1086
Shurugwi Urban,Total,11377,11927,23304
Masvingo,Total,763537,875002,1638539
Bikita,Ward 01,1925,2281,4206
Bikita,Ward 02,4349,5089,9438
Bikita,Ward 03,3861,4529,8390
Bikita,Ward 04,2520,3048,5568
Bikita,Ward 05,2900,3551,6451
Bikita,Ward 06,2110,2608,4718
Bikita,Ward 07,2403,2881,5284
Bikita,Ward 08,2772,3638,6410
Bikita,Ward 09,3599,4185,7784
Bikita,Ward 10,2723,3163,5886
Bikita,Ward 11,3799,4454,8253
Bikita,Ward 12,2264,2553,4817
Bikita,Ward 13,6170,7367,13537
Bikita,Ward 14,2845,3531,6376
Bikita,Ward 15,3123,4039,7162
Bikita,Ward 16,3917,4889,8806
Bikita,Ward 17,2226,2692,4918
Bikita,Ward 18,2196,2650,4846
Bikita,Ward 19,2218,2627,4845
Bikita,Ward 20,3410,4312,7722
Bikita,Ward 21,1777,2157,3934
Bikita,Ward 22,2780,3291,6071
Bikita,Ward 23,141,138,279
Bikita,Ward 24,2857,3390,6247
Bikita,Ward 25,2221,2591,4812
Bikita,Ward 26,2344,2470,4814
Bikita,Ward 27,289,49,338
Bikita,Ward 28,838,903,1741
Bikita,Ward 29,827,850,1677
Bikita,Ward 30,643,455,1098
Bikita,Ward 31,2705,3179,5884
Bikita,Ward 32,2092,2431,4523
Bikita,Total,80844,95991,176835
Chiredzi Rural,Ward 01,2146,2539,4685
Chiredzi Rural,Ward 02,2136,2652,4788
Chiredzi Rural,Ward 03,1772,2169,3941
Chiredzi Rural,Ward 04,2839,3489,6328
Chiredzi Rural,Ward 05,2131,2613,4744
Chiredzi Rural,Ward 06,3843,4522,8365
Chiredzi Rural,Ward 07,3981,4968,8949
Chiredzi Rural,Ward 08,4638,5464,10102
Chiredzi Rural,Ward 09,2303,2683,4986
Chiredzi Rural,Ward 10,5077,6193,11270
Chiredzi Rural,Ward 11,6401,8193,14594
Chiredzi Rural,Ward 12,170,164,334
Chiredzi Rural,Ward 13,2132,2675,4807
Chiredzi Rural,Ward 14,4810,5911,10721
Chiredzi Rural,Ward 15,4270,5188,9458
Chiredzi Rural,Ward 16,12451,13984,26435
Chiredzi Rural,Ward 17,10394,11382,21776
Chiredzi Rural,Ward 18,5509,5141,10650
Chiredzi Rural,Ward 19,5395,4264,9659
Chiredzi Rural,Ward 20,10163,11139,21302
Chiredzi Rural,Ward 21,4945,4323,9268
Chiredzi Rural,Ward 22,3693,4223,7916
Chiredzi Rural,Ward 23,3309,3715,7024
Chiredzi Rural,Ward 24,12754,13434,26188
Chiredzi Rural,Ward 25,1574,2038,3612
Chiredzi Rural,Ward 26,1761,1859,3620
Chiredzi Rural,Ward 27,3785,3312,7097
Chiredzi Rural,Ward 28,7607,6678,14285
Chiredzi Rural,Ward 29,3747,3227,6974
Chiredzi Rural,Ward 30,3718,2756,6474
Chiredzi Rural,Ward 31,3913,2889,6802
Chiredzi Rural,Ward 32,3149,3200,6349
Chiredzi Rural,Total,146516,156987,303503
Chivi,Ward 01,2449,2781,5230
Chivi,Ward 02,2857,3204,6061
Chivi,Ward 03,2669,2793,5462
Chivi,Ward 04,2033,2390,4423
Chivi,Ward 05,1893,2200,4093
Chivi,Ward 06,1242,1446,2688
Chivi,Ward 07,1341,1467,2808
Chivi,Ward 08,2036,2241,4277
Chivi,Ward 09,1803,2151,3954
Chivi,Ward 10,1679,1973,3652
Chivi,Ward 11,1776,2049,3825
Chivi,Ward 12,2250,2622,4872
Chivi,Ward 13,1825,2224,4049
Chivi,Ward 14,2820,3219,6039
Chivi,Ward 15,2053,2483,4536
Chivi,Ward 16,3933,4555,8488
Chivi,Ward 17,1955,2380,4335
Chivi,Ward 18,1944,2359,4303
Chivi,Ward 19,2659,3087,5746
Chivi,Ward 20,2915,3423,6338
Chivi,Ward 21,2429,2882,5311
Chivi,Ward 22,2638,3141,5779
Chivi,Ward 23,2282,2806,5088
Chivi,Ward 24,1054,1177,2231
Chivi,Ward 25,5881,7393,13274
Chivi,Ward 26,4019,4958,8977
Chivi,Ward 27,3073,3601,6674
Chivi,Ward 28,4591,5100,9691
Chivi,Ward 29,2675,2999,5674
Chivi,Ward 30,3381,4458,7839
Chivi,Ward 31,842,912,1754
Chivi,Ward 32,2559,2949,5508
Chivi,Total,79556,93423,172979
Gutu,Ward 01,5850,5776,11626
Gutu,Ward 02,1609,1900,3509
Gutu,Ward 03,2079,2289,4368
Gutu,Ward 04,1091,1144,2235
Gutu,Ward 05,2086,2331,4417
Gutu,Ward 06,2271,2865,5136
Gutu,Ward 07,2976,3170,6146
Gutu,Ward 08,3956,4723,8679
Gutu,Ward 09,2364,2897,5261
Gutu,Ward 10,3000,3471,6471
Gutu,Ward 11,2750,3388,6138
Gutu,Ward 12,2837,3536,6373
Gutu,Ward 13,3496,4256,7752
Gutu,Ward 14,1321,1580,2901
Gutu,Ward 15,4854,5998,10852
Gutu,Ward 16,3201,3884,7085
Gutu,Ward 17,1345,1698,3043
Gutu,Ward 18,2117,2319,4436
Gutu,Ward 19,1771,2089,3860
Gutu,Ward 20,721,773,1494
Gutu,Ward 21,1842,2262,4104
Gutu,Ward 22,1785,2128,3913
Gutu,Ward 23,3400,4007,7407
Gutu,Ward 24,2358,2941,5299
Gutu,Ward 25,1948,2310,4258
Gutu,Ward 26,2003,2379,4382
Gutu,Ward 27,2475,3006,5481
Gutu,Ward 28,1988,2420,4408
Gutu,Ward 29,1852,2056,3908
Gutu,Ward 30,1510,1867,3377
Gutu,Ward 31,2057,2417,4474
Gutu,Ward 32,4416,4732,9148
Gutu,Ward 33,872,958,1830
Gutu,Ward 34,4254,5079,9333
Gutu,Ward 35,1634,1938,3572
Gutu,Ward 36,1945,2422,4367
Gutu,Ward 37,2962,3482,6444
Gutu,Ward 38,836,996,1832
Gutu,Ward 39,991,1146,2137
Gutu,Ward 40,1287,1527,2814
Gutu,Ward 41,1732,2158,3890
Gutu,Total,95842,112318,208160
Masvingo Rural,Ward 01,2724,3287,6011
Masvingo Rural,Ward 02,2833,3455,6288
Masvingo Rural,Ward 03,1177,1207,2384
Masvingo Rural,Ward 04,445,494,939
Masvingo Rural,Ward 05,2538,2827,5365
Masvingo Rural,Ward 06,5511,5378,10889
Masvingo Rural,Ward 07,10534,11352,21886
Masvingo Rural,Ward 08,5021,5115,10136
Masvingo Rural,Ward 09,3316,3601,6917
Masvingo Rural,Ward 10,4906,5216,10122
Masvingo Rural,Ward 11,2425,2770,5195
Masvingo Rural,Ward 12,3566,4202,7768
Masvingo Rural,Ward 13,3992,4620,8612
Masvingo Rural,Ward 14,2739,3326,6065
Masvingo Rural,Ward 15,2682,3165,5847
Masvingo Rural,Ward 16,3421,4098,7519
Masvingo Rural,Ward 17,3348,3946,7294
Masvingo Rural,Ward 18,3584,4223,7807
Masvingo Rural,Ward 19,1439,1758,3197
Masvingo Rural,Ward 20,2011,2363,4374
Masvingo Rural,Ward 21,1838,1908,3746
Masvingo Rural,Ward 22,3108,3794,6902
Masvingo Rural,Ward 23,1976,2211,4187
Masvingo Rural,Ward 24,2194,2706,4900
Masvingo Rural,Ward 25,1307,1625,2932
Masvingo Rural,Ward 26,2598,3194,5792
Masvingo Rural,Ward 27,1263,1546,2809
Masvingo Rural,Ward 28,2417,2980,5397
Masvingo Rural,Ward 29,3249,3716,6965
Masvingo Rural,Ward 30,8969,10495,19464
Masvingo Rural,Ward 31,1124,1218,2342
Masvingo Rural,Ward 32,5020,4449,9469
Masvingo Rural,Ward 33,3618,3412,7030
Masvingo Rural,Ward 34,2808,3246,6054
Masvingo Rural,Ward 35,2856,2643,5499
Masvingo Rural,Total,112557,125546,238103
Mwenezi,Ward 01,3078,3742,6820
Mwenezi,Ward 02,2481,3031,5512
Mwenezi,Ward 03,3679,4438,8117
Mwenezi,Ward 04,2829,3283,6112
Mwenezi,Ward 05,5316,6362,11678
Mwenezi,Ward 06,1983,2456,4439
Mwenezi,Ward 07,3447,4012,7459
Mwenezi,Ward 08,3253,4139,7392
Mwenezi,Ward 09,3480,4247,7727
Mwenezi,Ward 10,3797,4862,8659
Mwenezi,Ward 11,3298,4200,7498
Mwenezi,Ward 12,2771,3328,6099
Mwenezi,Ward 13,22973,25234,48207
Mwenezi,Ward 14,5032,5594,10626
Mwenezi,Ward 15,5905,6410,12315
Mwenezi,Ward 16,8133,9080,17213
Mwenezi,Ward 17,12680,14348,27028
Mwenezi,Ward 18,2878,3548,6426
Mwenezi,Total,97013,112314,209327
Zaka,Ward 01,1635,1956,3591
Zaka,Ward 02,2241,2682,4923
Zaka,Ward 03,3050,3652,6702
Zaka,Ward 04,4453,5188,9641
Zaka,Ward 05,3218,3958,7176
Zaka,Ward 06,2265,2693,4958
Zaka,Ward 07,1494,1684,3178
Zaka,Ward 08,3340,3983,7323
Zaka,Ward 09,2672,3261,5933
Zaka,Ward 10,2485,2933,5418
Zaka,Ward 11,2732,3342,6074
Zaka,Ward 12,2755,3083,5838
Zaka,Ward 13,2161,2460,4621
Zaka,Ward 14,2380,2845,5225
Zaka,Ward 15,4136,4741,8877
Zaka,Ward 16,2299,2712,5011
Zaka,Ward 17,1382,1741,3123
Zaka,Ward 18,2940,3478,6418
Zaka,Ward 19,6272,7673,13945
Zaka,Ward 20,2576,3066,5642
Zaka,Ward 21,2795,3058,5853
Zaka,Ward 22,1815,2150,3965
Zaka,Ward 23,2040,2482,4522
Zaka,Ward 24,2822,3463,6285
Zaka,Ward 25,3785,4351,8136
Zaka,Ward 26,2243,2632,4875
Zaka,Ward 27,3109,3672,6781
Zaka,Ward 28,2793,3426,6219
Zaka,Ward 29,1766,2140,3906
Zaka,Ward 30,2507,2981,5488
Zaka,Ward 31,2420,3015,5435
Zaka,Ward 32,2069,2375,4444
Zaka,Ward 33,2229,2718,4947
Zaka,Ward 34,2031,2385,4416
Zaka,Total,90910,107979,198889
Masvingo Urban,Ward 01,2090,2308,4398
Masvingo Urban,Ward 02,2795,3079,5874
Masvingo Urban,Ward 03,6333,7645,13978
Masvingo Urban,Ward 04,5845,7170,13015
Masvingo Urban,Ward 05,4097,4890,8987
Masvingo Urban,Ward 06,5169,6586,11755
Masvingo Urban,Ward 07,8815,10891,19706
Masvingo Urban,Ward 08,1134,1115,2249
Masvingo Urban,Ward 09,2336,2465,4801
Masvingo Urban,Ward 10,2707,2816,5523
Masvingo Urban,Total,41321,48965,90286
Chiredzi Urban,Ward 01,462,464,926
Chiredzi Urban,Ward 02,2060,2254,4314
Chiredzi Urban,Ward 03,2146,2511,4657
Chiredzi Urban,Ward 04,2929,3370,6299
Chiredzi Urban,Ward 05,2456,2778,5234
Chiredzi Urban,Ward 06,1502,1839,3341
Chiredzi Urban,Ward 07,1763,2011,3774
Chiredzi Urban,Ward 08,5660,6252,11912
Chiredzi Urban,Total,18978,21479,40457
Harare,Total,1159543,1267666,2427209
Harare Rural,Ward 01,174604,183256,357860
Harare Rural,Total,174604,183256,357860
Harare Urban,Ward 02,13671,16558,30229
Harare Urban,Ward 03,10583,9928,20511
Harare Urban,Ward 04,5993,5706,11699
Harare Urban,Ward 05,8090,8551,16641
Harare Urban,Ward 06,6648,8452,15100
Harare Urban,Ward 07,13685,12220,25905
Harare Urban,Ward 08,7127,7166,14293
Harare Urban,Ward 09,24718,24784,49502
Harare Urban,Ward 10,8568,9373,17941
Harare Urban,Ward 11,9245,9653,18898
Harare Urban,Ward 12,9897,10397,20294
Harare Urban,Ward 13,11051,12416,23467
Harare Urban,Ward 14,17299,18762,36061
Harare Urban,Ward 15,30498,35108,65606
Harare Urban,Ward 16,25802,30795,56597
Harare Urban,Ward 17,9042,9444,18486
Harare Urban,Ward 18,14509,14420,28929
Harare Urban,Ward 19,8334,9071,17405
Harare Urban,Ward 20,11777,12514,24291
Harare Urban,Ward 21,10935,11864,22799
Harare Urban,Ward 22,20600,24006,44606
Harare Urban,Ward 23,30015,35334,65349
Harare Urban,Ward 24,12675,13798,26473
Harare Urban,Ward 25,12200,13805,26005
Harare Urban,Ward 26,15113,15987,31100
Harare Urban,Ward 27,15919,17587,33506
Harare Urban,Ward 28,13095,14839,27934
Harare Urban,Ward 29,5200,5901,11101
Harare Urban,Ward 30,23177,25818,48995
Harare Urban,Ward 31,9216,10440,19656
Harare Urban,Ward 32,16563,18239,34802
Harare Urban,Ward 33,26982,29770,56752
Harare Urban,Ward 34,10278,11193,21471
Harare Urban,Ward 35,9417,10151,19568
Harare Urban,Ward 36,6107,6859,12966
Harare Urban,Ward 37,32702,36336,69038
Harare Urban,Ward 38,14747,16454,31201
Harare Urban,Ward 39,9512,10283,19795
Harare Urban,Ward 40,34158,37459,71617
Harare Urban,Ward 41,25733,29749,55482
Harare Urban,Ward 42,33693,35541,69234
Harare Urban,Ward 43,42333,46954,89287
Harare Urban,Ward 44,12632,14831,27463
Harare Urban,Ward 45,14271,16206,30477
Harare Urban,Ward 46,6350,6858,13208
Harare Urban,Total,710160,781580,1491740
Chitungwiza,Ward 01,4140,4805,8945
Chitungwiza,Ward 02,4986,5497,10483
Chitungwiza,Ward 03,5019,5606,10625
Chitungwiza,Ward 04,14128,15714,29842
Chitungwiza,Ward 05,3987,4555,8542
Chitungwiza,Ward 06,16898,18398,35296
Chitungwiza,Ward 07,3227,3595,6822
Chitungwiza,Ward 08,3895,4413,8308
Chitungwiza,Ward 09,3830,4287,8117
Chitungwiza,Ward 10,2978,3405,6383
Chitungwiza,Ward 11,3850,4680,8530
Chitungwiza,Ward 12,6096,6680,12776
Chitungwiza,Ward 13,4696,5559,10255
Chitungwiza,Ward 14,6307,7407,13714
Chitungwiza,Ward 15,5129,5833,10962
Chitungwiza,Ward 16,6745,8072,14817
Chitungwiza,Ward 17,6826,8171,14997
Chitungwiza,Ward 18,11934,13410,25344
Chitungwiza,Ward 19,6968,8160,15128
Chitungwiza,Ward 20,4672,5290,9962
Chitungwiza,Ward 21,8509,10096,18605
Chitungwiza,Ward 22,8657,9847,18504
Chitungwiza,Ward 23,13966,15745,29711
Chitungwiza,Ward 24,9508,10783,20291
Chitungwiza,Ward 25,6544,7741,14285
Chitungwiza,Total,173495,197749,371244
Epworth,Ward 01,22475,22848,45323
Epworth,Ward 02,7990,8469,16459
Epworth,Ward 03,11633,12183,23816
Epworth,Ward 04,18456,19267,37723
Epworth,Ward 05,8492,9053,17545
Epworth,Ward 06,10448,10736,21184
Epworth,Ward 07,21790,22525,44315
Epworth,Total,101284,105081,206365
